ticker,event_date,relative_day,window_start,window_end,top_key_date_for_last_query,top_key_lag_for_last_query,end_score,npz_path,png_path
AKAM,2024-02-14,t-3,2023-11-14,2024-02-09,2023-12-14,38,0.0001249160268343,tmp\attention_cases\attention_at_state_full_window_evolution\attention_values_AKAM_event_2024_02_14_t-3_end_2024_02_09.npz,tmp\attention_cases\attention_at_state_full_window_evolution\series_attention_evolution_AKAM_event_2024_02_14_tminus3_to_t.png
AKAM,2024-02-14,t-2,2023-11-15,2024-02-12,2023-12-14,39,0.0001409359829267,tmp\attention_cases\attention_at_state_full_window_evolution\attention_values_AKAM_event_2024_02_14_t-2_end_2024_02_12.npz,tmp\attention_cases\attention_at_state_full_window_evolution\series_attention_evolution_AKAM_event_2024_02_14_tminus3_to_t.png
AKAM,2024-02-14,t-1,2023-11-16,2024-02-13,2024-02-13,0,0.007300523109734,tmp\attention_cases\attention_at_state_full_window_evolution\attention_values_AKAM_event_2024_02_14_t-1_end_2024_02_13.npz,tmp\attention_cases\attention_at_state_full_window_evolution\series_attention_evolution_AKAM_event_2024_02_14_tminus3_to_t.png
AKAM,2024-02-14,t,2023-11-17,2024-02-14,2024-02-14,0,0.0418657772243022,tmp\attention_cases\attention_at_state_full_window_evolution\attention_values_AKAM_event_2024_02_14_t_end_2024_02_14.npz,tmp\attention_cases\attention_at_state_full_window_evolution\series_attention_evolution_AKAM_event_2024_02_14_tminus3_to_t.png
AKAM,2024-11-08,t-3,2024-08-13,2024-11-05,2024-08-13,59,0.000141664117109,tmp\attention_cases\attention_at_state_full_window_evolution\attention_values_AKAM_event_2024_11_08_t-3_end_2024_11_05.npz,tmp\attention_cases\attention_at_state_full_window_evolution\series_attention_evolution_AKAM_event_2024_11_08_tminus3_to_t.png
AKAM,2024-11-08,t-2,2024-08-14,2024-11-06,2024-11-06,0,0.0041664596647024,tmp\attention_cases\attention_at_state_full_window_evolution\attention_values_AKAM_event_2024_11_08_t-2_end_2024_11_06.npz,tmp\attention_cases\attention_at_state_full_window_evolution\series_attention_evolution_AKAM_event_2024_11_08_tminus3_to_t.png
AKAM,2024-11-08,t-1,2024-08-15,2024-11-07,2024-11-06,1,9.831616625888272e-05,tmp\attention_cases\attention_at_state_full_window_evolution\attention_values_AKAM_event_2024_11_08_t-1_end_2024_11_07.npz,tmp\attention_cases\attention_at_state_full_window_evolution\series_attention_evolution_AKAM_event_2024_11_08_tminus3_to_t.png
AKAM,2024-11-08,t,2024-08-16,2024-11-08,2024-11-08,0,0.0783109813928604,tmp\attention_cases\attention_at_state_full_window_evolution\attention_values_AKAM_event_2024_11_08_t_end_2024_11_08.npz,tmp\attention_cases\attention_at_state_full_window_evolution\series_attention_evolution_AKAM_event_2024_11_08_tminus3_to_t.png
CVS,2023-06-14,t-3,2023-03-16,2023-06-09,2023-05-03,26,0.000156296940986,tmp\attention_cases\attention_at_state_full_window_evolution\attention_values_CVS_event_2023_06_14_t-3_end_2023_06_09.npz,tmp\attention_cases\attention_at_state_full_window_evolution\series_attention_evolution_CVS_event_2023_06_14_tminus3_to_t.png
CVS,2023-06-14,t-2,2023-03-17,2023-06-12,2023-05-03,27,7.936284964671358e-05,tmp\attention_cases\attention_at_state_full_window_evolution\attention_values_CVS_event_2023_06_14_t-2_end_2023_06_12.npz,tmp\attention_cases\attention_at_state_full_window_evolution\series_attention_evolution_CVS_event_2023_06_14_tminus3_to_t.png
CVS,2023-06-14,t-1,2023-03-20,2023-06-13,2023-05-03,28,2.048128953902051e-05,tmp\attention_cases\attention_at_state_full_window_evolution\attention_values_CVS_event_2023_06_14_t-1_end_2023_06_13.npz,tmp\attention_cases\attention_at_state_full_window_evolution\series_attention_evolution_CVS_event_2023_06_14_tminus3_to_t.png
CVS,2023-06-14,t,2023-03-21,2023-06-14,2023-06-14,0,0.0494258403778076,tmp\attention_cases\attention_at_state_full_window_evolution\attention_values_CVS_event_2023_06_14_t_end_2023_06_14.npz,tmp\attention_cases\attention_at_state_full_window_evolution\series_attention_evolution_CVS_event_2023_06_14_tminus3_to_t.png
CVS,2023-08-17,t-3,2023-05-18,2023-08-14,2023-06-14,41,2.7520152798388157e-05,tmp\attention_cases\attention_at_state_full_window_evolution\attention_values_CVS_event_2023_08_17_t-3_end_2023_08_14.npz,tmp\attention_cases\attention_at_state_full_window_evolution\series_attention_evolution_CVS_event_2023_08_17_tminus3_to_t.png
CVS,2023-08-17,t-2,2023-05-19,2023-08-15,2023-06-14,42,4.0645365515956655e-05,tmp\attention_cases\attention_at_state_full_window_evolution\attention_values_CVS_event_2023_08_17_t-2_end_2023_08_15.npz,tmp\attention_cases\attention_at_state_full_window_evolution\series_attention_evolution_CVS_event_2023_08_17_tminus3_to_t.png
CVS,2023-08-17,t-1,2023-05-22,2023-08-16,2023-06-14,43,6.389468762790784e-05,tmp\attention_cases\attention_at_state_full_window_evolution\attention_values_CVS_event_2023_08_17_t-1_end_2023_08_16.npz,tmp\attention_cases\attention_at_state_full_window_evolution\series_attention_evolution_CVS_event_2023_08_17_tminus3_to_t.png
CVS,2023-08-17,t,2023-05-23,2023-08-17,2023-08-17,0,0.0269142873585224,tmp\attention_cases\attention_at_state_full_window_evolution\attention_values_CVS_event_2023_08_17_t_end_2023_08_17.npz,tmp\attention_cases\attention_at_state_full_window_evolution\series_attention_evolution_CVS_event_2023_08_17_tminus3_to_t.png
CVS,2024-05-01,t-3,2024-02-01,2024-04-26,2024-04-02,18,3.674043182400055e-05,tmp\attention_cases\attention_at_state_full_window_evolution\attention_values_CVS_event_2024_05_01_t-3_end_2024_04_26.npz,tmp\attention_cases\attention_at_state_full_window_evolution\series_attention_evolution_CVS_event_2024_05_01_tminus3_to_t.png
CVS,2024-05-01,t-2,2024-02-02,2024-04-29,2024-04-02,19,3.4008524380624294e-05,tmp\attention_cases\attention_at_state_full_window_evolution\attention_values_CVS_event_2024_05_01_t-2_end_2024_04_29.npz,tmp\attention_cases\attention_at_state_full_window_evolution\series_attention_evolution_CVS_event_2024_05_01_tminus3_to_t.png
CVS,2024-05-01,t-1,2024-02-05,2024-04-30,2024-04-02,20,5.4163178901944775e-06,tmp\attention_cases\attention_at_state_full_window_evolution\attention_values_CVS_event_2024_05_01_t-1_end_2024_04_30.npz,tmp\attention_cases\attention_at_state_full_window_evolution\series_attention_evolution_CVS_event_2024_05_01_tminus3_to_t.png
CVS,2024-05-01,t,2024-02-06,2024-05-01,2024-05-01,0,1.3195282220840454,tmp\attention_cases\attention_at_state_full_window_evolution\attention_values_CVS_event_2024_05_01_t_end_2024_05_01.npz,tmp\attention_cases\attention_at_state_full_window_evolution\series_attention_evolution_CVS_event_2024_05_01_tminus3_to_t.png
EL,2023-05-03,t-3,2023-02-02,2023-04-28,2023-02-02,59,2.61710138147464e-05,tmp\attention_cases\attention_at_state_full_window_evolution\attention_values_EL_event_2023_05_03_t-3_end_2023_04_28.npz,tmp\attention_cases\attention_at_state_full_window_evolution\series_attention_evolution_EL_event_2023_05_03_tminus3_to_t.png
EL,2023-05-03,t-2,2023-02-03,2023-05-01,2023-04-12,13,0.0001283349411096,tmp\attention_cases\attention_at_state_full_window_evolution\attention_values_EL_event_2023_05_03_t-2_end_2023_05_01.npz,tmp\attention_cases\attention_at_state_full_window_evolution\series_attention_evolution_EL_event_2023_05_03_tminus3_to_t.png
EL,2023-05-03,t-1,2023-02-06,2023-05-02,2023-04-12,14,7.731004006927833e-05,tmp\attention_cases\attention_at_state_full_window_evolution\attention_values_EL_event_2023_05_03_t-1_end_2023_05_02.npz,tmp\attention_cases\attention_at_state_full_window_evolution\series_attention_evolution_EL_event_2023_05_03_tminus3_to_t.png
EL,2023-05-03,t,2023-02-07,2023-05-03,2023-05-03,0,6.247437000274658,tmp\attention_cases\attention_at_state_full_window_evolution\attention_values_EL_event_2023_05_03_t_end_2023_05_03.npz,tmp\attention_cases\attention_at_state_full_window_evolution\series_attention_evolution_EL_event_2023_05_03_tminus3_to_t.png
EL,2024-10-31,t-3,2024-08-05,2024-10-28,2024-09-26,22,6.29635396762751e-05,tmp\attention_cases\attention_at_state_full_window_evolution\attention_values_EL_event_2024_10_31_t-3_end_2024_10_28.npz,tmp\attention_cases\attention_at_state_full_window_evolution\series_attention_evolution_EL_event_2024_10_31_tminus3_to_t.png
EL,2024-10-31,t-2,2024-08-06,2024-10-29,2024-09-26,23,3.611377906054258e-05,tmp\attention_cases\attention_at_state_full_window_evolution\attention_values_EL_event_2024_10_31_t-2_end_2024_10_29.npz,tmp\attention_cases\attention_at_state_full_window_evolution\series_attention_evolution_EL_event_2024_10_31_tminus3_to_t.png
EL,2024-10-31,t-1,2024-08-07,2024-10-30,2024-09-26,24,2.1926794943283312e-05,tmp\attention_cases\attention_at_state_full_window_evolution\attention_values_EL_event_2024_10_31_t-1_end_2024_10_30.npz,tmp\attention_cases\attention_at_state_full_window_evolution\series_attention_evolution_EL_event_2024_10_31_tminus3_to_t.png
EL,2024-10-31,t,2024-08-08,2024-10-31,2024-09-26,25,7.397699356079102,tmp\attention_cases\attention_at_state_full_window_evolution\attention_values_EL_event_2024_10_31_t_end_2024_10_31.npz,tmp\attention_cases\attention_at_state_full_window_evolution\series_attention_evolution_EL_event_2024_10_31_tminus3_to_t.png
TGT,2023-11-15,t-3,2023-08-18,2023-11-10,2023-09-22,35,4.467100370675325e-05,tmp\attention_cases\attention_at_state_full_window_evolution\attention_values_TGT_event_2023_11_15_t-3_end_2023_11_10.npz,tmp\attention_cases\attention_at_state_full_window_evolution\series_attention_evolution_TGT_event_2023_11_15_tminus3_to_t.png
TGT,2023-11-15,t-2,2023-08-21,2023-11-13,2023-10-10,24,7.636252848897129e-05,tmp\attention_cases\attention_at_state_full_window_evolution\attention_values_TGT_event_2023_11_15_t-2_end_2023_11_13.npz,tmp\attention_cases\attention_at_state_full_window_evolution\series_attention_evolution_TGT_event_2023_11_15_tminus3_to_t.png
TGT,2023-11-15,t-1,2023-08-22,2023-11-14,2023-11-14,0,0.0031389209907501,tmp\attention_cases\attention_at_state_full_window_evolution\attention_values_TGT_event_2023_11_15_t-1_end_2023_11_14.npz,tmp\attention_cases\attention_at_state_full_window_evolution\series_attention_evolution_TGT_event_2023_11_15_tminus3_to_t.png
TGT,2023-11-15,t,2023-08-23,2023-11-15,2023-11-15,0,0.5586466789245605,tmp\attention_cases\attention_at_state_full_window_evolution\attention_values_TGT_event_2023_11_15_t_end_2023_11_15.npz,tmp\attention_cases\attention_at_state_full_window_evolution\series_attention_evolution_TGT_event_2023_11_15_tminus3_to_t.png
TGT,2024-08-21,t-3,2024-05-22,2024-08-16,2024-05-22,59,3.8149930333020166e-05,tmp\attention_cases\attention_at_state_full_window_evolution\attention_values_TGT_event_2024_08_21_t-3_end_2024_08_16.npz,tmp\attention_cases\attention_at_state_full_window_evolution\series_attention_evolution_TGT_event_2024_08_21_tminus3_to_t.png
TGT,2024-08-21,t-2,2024-05-23,2024-08-19,2024-08-02,11,4.1850969864754006e-05,tmp\attention_cases\attention_at_state_full_window_evolution\attention_values_TGT_event_2024_08_21_t-2_end_2024_08_19.npz,tmp\attention_cases\attention_at_state_full_window_evolution\series_attention_evolution_TGT_event_2024_08_21_tminus3_to_t.png
TGT,2024-08-21,t-1,2024-05-24,2024-08-20,2024-08-02,12,1.3811096323479433e-05,tmp\attention_cases\attention_at_state_full_window_evolution\attention_values_TGT_event_2024_08_21_t-1_end_2024_08_20.npz,tmp\attention_cases\attention_at_state_full_window_evolution\series_attention_evolution_TGT_event_2024_08_21_tminus3_to_t.png
TGT,2024-08-21,t,2024-05-28,2024-08-21,2024-08-21,0,0.5631992220878601,tmp\attention_cases\attention_at_state_full_window_evolution\attention_values_TGT_event_2024_08_21_t_end_2024_08_21.npz,tmp\attention_cases\attention_at_state_full_window_evolution\series_attention_evolution_TGT_event_2024_08_21_tminus3_to_t.png
TGT,2024-11-20,t-3,2024-08-23,2024-11-15,2024-11-06,7,9.041701559908688e-06,tmp\attention_cases\attention_at_state_full_window_evolution\attention_values_TGT_event_2024_11_20_t-3_end_2024_11_15.npz,tmp\attention_cases\attention_at_state_full_window_evolution\series_attention_evolution_TGT_event_2024_11_20_tminus3_to_t.png
TGT,2024-11-20,t-2,2024-08-26,2024-11-18,2024-11-18,0,0.000561268243473,tmp\attention_cases\attention_at_state_full_window_evolution\attention_values_TGT_event_2024_11_20_t-2_end_2024_11_18.npz,tmp\attention_cases\attention_at_state_full_window_evolution\series_attention_evolution_TGT_event_2024_11_20_tminus3_to_t.png
TGT,2024-11-20,t-1,2024-08-27,2024-11-19,2024-11-18,1,0.0018857335671782,tmp\attention_cases\attention_at_state_full_window_evolution\attention_values_TGT_event_2024_11_20_t-1_end_2024_11_19.npz,tmp\attention_cases\attention_at_state_full_window_evolution\series_attention_evolution_TGT_event_2024_11_20_tminus3_to_t.png
TGT,2024-11-20,t,2024-08-28,2024-11-20,2024-11-20,0,8.252424240112305,tmp\attention_cases\attention_at_state_full_window_evolution\attention_values_TGT_event_2024_11_20_t_end_2024_11_20.npz,tmp\attention_cases\attention_at_state_full_window_evolution\series_attention_evolution_TGT_event_2024_11_20_tminus3_to_t.png
