seed,ticker,start,end,days,peak_date,max_score,threshold,score_ratio
0,AAPL,2024-09-20,2024-09-20,1,2024-09-20,0.0274117448344137,0.0015159095603688145,18.082704635588247
0,KO,2023-12-15,2023-12-15,1,2023-12-15,0.0250419144659645,0.0015159095603688145,16.51939872974474
0,RCL,2023-02-07,2023-02-07,1,2023-02-07,0.0227419230341911,0.0015159095603688145,15.00216347250827
0,APTV,2024-08-01,2024-08-02,2,2024-08-01,0.0224257855132843,0.0015159095603688145,14.793617046539506
0,FDX,2024-12-20,2024-12-20,1,2024-12-20,0.0215731574488537,0.0015159095603688145,14.231163924848552
0,CSCO,2024-05-16,2024-05-16,1,2024-05-16,0.0215559916260341,0.0015159095603688145,14.219840147185044
0,MO,2023-03-17,2023-03-17,1,2023-03-17,0.0162747969335704,0.0015159095603688145,10.735994652353012
0,KO,2023-05-31,2023-05-31,1,2023-05-31,0.0150850080807382,0.0015159095603688145,9.951126686652785
0,LMT,2023-03-17,2023-03-17,1,2023-03-17,0.0130426222548032,0.0015159095603688145,8.603826109276588
0,DE,2023-05-19,2023-05-19,1,2023-05-19,0.0128699585368546,0.0015159095603688145,8.489925041256019
0,MRK,2023-11-30,2023-11-30,1,2023-11-30,0.0128452278712453,0.0015159095603688145,8.473610964047294
0,CVX,2024-12-20,2024-12-20,1,2024-12-20,0.012282387619572,0.0015159095603688145,8.10232215738764
0,INTC,2023-01-27,2023-01-27,1,2023-01-27,0.0118822268882973,0.0015159095603688145,7.838348143543869
0,LMT,2023-07-18,2023-07-18,1,2023-07-18,0.0117385719183706,0.0015159095603688145,7.743583275188695
0,ALGN,2023-04-27,2023-04-27,1,2023-04-27,0.0114000984030099,0.0015159095603688145,7.520302464637999
0,DE,2023-11-22,2023-11-22,1,2023-11-22,0.0113981321939112,0.0015159095603688145,7.519005415559278
0,MU,2023-03-29,2023-03-29,1,2023-03-29,0.0111787073314189,0.0015159095603688145,7.374257425158772
0,LIN,2024-03-15,2024-03-15,1,2024-03-15,0.0108251709044755,0.0015159095603688145,7.141040064317413
0,CRM,2023-08-31,2023-08-31,1,2023-08-31,0.0106770559277113,0.0015159095603688145,7.043333063427357
0,MRK,2024-03-15,2024-03-15,1,2024-03-15,0.0102859916437106,0.0015159095603688145,6.785359702598657
0,IBM,2023-03-17,2023-03-17,1,2023-03-17,0.0098894700909463,0.0015159095603688145,6.523786345499552
0,TGT,2023-08-16,2023-08-16,1,2023-08-16,0.0096496144852911,0.0015159095603688145,6.36556080756123
0,C,2023-07-14,2023-07-14,1,2023-07-14,0.0094514215908323,0.0015159095603688145,6.23481890867738
0,BMY,2024-03-15,2024-03-15,1,2024-03-15,0.0092113033620989,0.0015159095603688145,6.076420126183404
0,MU,2023-09-28,2023-09-28,1,2023-09-28,0.0091706992971012,0.0015159095603688145,6.049634844225145
0,RTX,2024-03-15,2024-03-15,1,2024-03-15,0.0087061120382713,0.0015159095603688145,5.743160585485811
0,MGM,2024-05-02,2024-05-02,1,2024-05-02,0.008653476348627,0.0015159095603688145,5.708438402170672
0,ALB,2024-09-11,2024-09-11,1,2024-09-11,0.0083094819371278,0.0015159095603688145,5.481515622281673
0,NVDA,2024-08-05,2024-08-05,1,2024-08-05,0.0083083940514673,0.0015159095603688145,5.480797976790846
0,BLK,2023-09-15,2023-09-15,1,2023-09-15,0.0081815423327498,0.0015159095603688145,5.397117708499223
0,MO,2023-09-15,2023-09-15,1,2023-09-15,0.0081724654825544,0.0015159095603688145,5.391129983088221
0,TSLA,2023-01-03,2023-01-03,1,2023-01-03,0.0080407932400703,0.0015159095603688145,5.304269760073291
0,ROST,2024-08-23,2024-08-23,1,2024-08-23,0.0076486647323084,0.0015159095603688145,5.045594362797944
0,AAPL,2024-12-20,2024-12-20,1,2024-12-20,0.0071943901878382,0.0015159095603688145,4.745923091934214
0,DIS,2023-02-09,2023-02-09,1,2023-02-09,0.0067097141786857,0.0015159095603688145,4.426196888060561
0,KO,2023-09-15,2023-09-15,1,2023-09-15,0.0066459156925399,0.0015159095603688145,4.384110943216808
0,ALGN,2024-02-01,2024-02-01,1,2024-02-01,0.0063030603322355,0.0015159095603688145,4.157939561184634
0,AXP,2023-07-21,2023-07-21,1,2023-07-21,0.0062519269549132,0.0015159095603688145,4.124208408179794
0,ALL,2024-03-15,2024-03-15,1,2024-03-15,0.0062331876484677,0.0015159095603688145,4.111846650634746
0,ALGN,2023-12-14,2023-12-14,1,2023-12-14,0.0062161999503283,0.0015159095603688145,4.100640376472014
0,AVGO,2024-09-06,2024-09-06,1,2024-09-06,0.0060526088724145,0.0015159095603688145,3.992724256545968
0,BLDR,2023-12-14,2023-12-15,2,2023-12-15,0.0059188548766542,0.0015159095603688145,3.9044907634292954
0,CLX,2024-10-31,2024-10-31,1,2024-10-31,0.0058653742363232,0.0015159095603688145,3.8692111915279295
0,TSLA,2024-07-24,2024-07-24,1,2024-07-24,0.0058623043218782,0.0015159095603688145,3.867186061186873
0,EMR,2023-08-02,2023-08-02,1,2023-08-02,0.0056770205652962,0.0015159095603688145,3.744959932777919
0,GE,2023-03-09,2023-03-09,1,2023-03-09,0.005605852540137,0.0015159095603688145,3.6980125244233695
0,META,2024-08-01,2024-08-01,1,2024-08-01,0.0055892769596539,0.0015159095603688145,3.687078111898742
0,CCL,2023-06-26,2023-06-26,1,2023-06-26,0.0053456399880815,0.0015159095603688145,3.526358120454711
0,ABBV,2023-03-17,2023-03-17,1,2023-03-17,0.0053088890913036,0.0015159095603688145,3.5021146578242894
0,TSLA,2024-08-05,2024-08-05,1,2024-08-05,0.0050399809314209,0.0015159095603688145,3.324724022582649
0,V,2024-12-20,2024-12-20,1,2024-12-20,0.0048575139537985,0.0015159095603688145,3.2043560386390646
0,STZ,2024-04-11,2024-04-11,1,2024-04-11,0.0047653507058081,0.0015159095603688145,3.143558712466138
0,KO,2024-09-20,2024-09-20,1,2024-09-20,0.0047316730958603,0.0015159095603688145,3.121342604837919
0,CCL,2023-09-29,2023-09-29,1,2023-09-29,0.0047001601061007,0.0015159095603688145,3.1005544321240186
0,TSLA,2023-07-20,2023-07-20,1,2023-07-20,0.0045517549636618,0.0015159095603688145,3.0026560176547585
0,NFLX,2024-07-19,2024-07-19,1,2024-07-19,0.0044093131611589,0.0015159095603688145,2.908691439406275
0,XOM,2023-10-11,2023-10-11,1,2023-10-11,0.0042470249638427,0.0015159095603688145,2.8016347906727477
0,ISRG,2023-07-21,2023-07-21,1,2023-07-21,0.0042271767830243,0.0015159095603688145,2.78854154201379
0,WMT,2024-11-19,2024-11-19,1,2024-11-19,0.0041972374958026,0.0015159095603688145,2.7687914935911015
0,MA,2023-03-17,2023-03-17,1,2023-03-17,0.0041640246585862,0.0015159095603688145,2.746881982572305
0,AAPL,2024-08-05,2024-08-05,1,2024-08-05,0.0041435775057228,0.0015159095603688145,2.7333936100480067
0,APD,2024-08-01,2024-08-01,1,2024-08-01,0.0040823662362527,0.0015159095603688145,2.6930143743268413
0,PM,2024-03-15,2024-03-15,1,2024-03-15,0.0040201053275571,0.0015159095603688145,2.6519427231391197
0,ABBV,2024-03-15,2024-03-15,1,2024-03-15,0.0039925152665697,0.0015159095603688145,2.6337423886939124
0,GOOG,2024-10-30,2024-10-30,1,2024-10-30,0.0039358412140308,0.0015159095603688145,2.5963562186871005
0,A,2024-11-01,2024-11-01,1,2024-11-01,0.0037975307928807,0.0015159095603688145,2.5051169886129463
0,ISRG,2024-04-19,2024-04-19,1,2024-04-19,0.0035869085648907,0.0015159095603688145,2.366175831767972
0,GM,2024-03-15,2024-03-15,1,2024-03-15,0.0035858810922945,0.0015159095603688145,2.365498038960893
0,RCL,2023-05-04,2023-05-04,1,2023-05-04,0.0035746954074663,0.0015159095603688145,2.3581191786907074
0,AMD,2023-05-25,2023-05-25,1,2023-05-25,0.0035420714102656,0.0015159095603688145,2.336598107741882
0,TSLA,2023-04-20,2023-04-20,1,2023-04-20,0.0034977842636484,0.0015159095603688145,2.307383207476707
0,COF,2023-05-16,2023-05-16,1,2023-05-16,0.0034334699425623,0.0015159095603688145,2.264956981818197
0,BLDR,2024-08-02,2024-08-06,3,2024-08-05,0.0033280296076554,0.0015159095603688145,2.1954011602418446
0,AVGO,2024-08-05,2024-08-05,1,2024-08-05,0.0033093587637874,0.0015159095603688145,2.1830845654026003
0,CPB,2024-03-06,2024-03-06,1,2024-03-06,0.003280097876753,0.0015159095603688145,2.1637820372047565
0,LEN,2023-06-15,2023-06-15,1,2023-06-15,0.0032331794762285,0.0015159095603688145,2.1328313777781576
0,AMD,2023-08-02,2023-08-02,1,2023-08-02,0.0032122792254085,0.0015159095603688145,2.11904411014267
0,ABNB,2023-09-15,2023-09-15,1,2023-09-15,0.0031631382550889,0.0015159095603688145,2.0866272881868504
0,ALLE,2023-10-31,2023-10-31,1,2023-10-31,0.0030297115043746,0.0015159095603688145,1.9986096687967874
0,JPM,2023-10-13,2023-10-13,1,2023-10-13,0.0030080508256408,0.0015159095603688145,1.9843207697093446
0,MGM,2023-02-09,2023-02-09,1,2023-02-09,0.0029875615900554,0.0015159095603688145,1.9708046364774814
0,COF,2023-01-25,2023-01-25,1,2023-01-25,0.0029858525294912,0.0015159095603688145,1.9696772205623891
0,LEN,2023-11-24,2023-11-24,1,2023-11-24,0.0029235516830037,0.0015159095603688145,1.928579223613058
0,GOOGL,2024-10-30,2024-10-30,1,2024-10-30,0.0029128557923899,0.0015159095603688145,1.921523465873
0,BLDR,2024-10-29,2024-10-29,1,2024-10-29,0.0028879073308251,0.0015159095603688145,1.9050657152148867
0,BKNG,2024-05-03,2024-05-03,1,2024-05-03,0.0028128360146486,0.0015159095603688145,1.855543423028646
0,GILD,2023-03-17,2023-03-17,1,2023-03-17,0.0027403061416967,0.0015159095603688145,1.8076976445943087
0,GM,2024-04-23,2024-04-23,1,2024-04-23,0.0027155024016489,0.0015159095603688145,1.7913353623736166
0,DUK,2023-12-15,2023-12-15,1,2023-12-15,0.0026692245999583,0.0015159095603688145,1.7608072867545534
0,BMY,2023-03-17,2023-03-17,1,2023-03-17,0.0026288640533144,0.0015159095603688145,1.7341826465391565
0,AVGO,2024-03-08,2024-03-08,1,2024-03-08,0.0026281161165873,0.0015159095603688145,1.7336892551478402
0,COF,2024-02-20,2024-02-20,1,2024-02-20,0.0025780884549021,0.0015159095603688145,1.700687509533789
0,KVUE,2024-10-21,2024-10-21,1,2024-10-21,0.0025654475257033,0.0015159095603688145,1.6923486682669495
0,EL,2023-08-18,2023-08-18,1,2023-08-18,0.0025577474271813,0.0015159095603688145,1.6872691445781307
0,XOM,2024-03-15,2024-03-15,1,2024-03-15,0.0024969006083362,0.0015159095603688145,1.6471303259864094
0,WMT,2023-02-21,2023-02-21,1,2023-02-21,0.0024700564202195,0.0015159095603688145,1.6294220214684478
0,COP,2024-09-20,2024-09-20,1,2024-09-20,0.0024678210214915,0.0015159095603688145,1.6279473960775663
0,CCL,2023-06-30,2023-06-30,1,2023-06-30,0.0024186841357732,0.0015159095603688145,1.595533268610526
0,PHM,2023-11-24,2023-11-24,1,2023-11-24,0.002339454369697,0.0015159095603688145,1.543267771942688
0,ALGN,2023-03-03,2023-03-03,1,2023-03-03,0.0022975201433534,0.0015159095603688145,1.5156050225017532
0,TSLA,2023-01-26,2023-01-26,1,2023-01-26,0.0022926502005087,0.0015159095603688145,1.5123924674971427
0,ARE,2023-06-16,2023-06-16,1,2023-06-16,0.0022919953626114,0.0015159095603688145,1.5119604906072148
0,PLTR,2023-07-28,2023-07-31,2,2023-07-28,0.0022619707120005,0.0015159095603688145,1.4921541305209343
0,GS,2024-04-15,2024-04-15,1,2024-04-15,0.0022607197007649,0.0015159095603688145,1.4913288759884042
0,WFC,2023-03-15,2023-03-15,1,2023-03-15,0.0022269659116864,0.0015159095603688145,1.4690625152760357
0,LOW,2024-06-28,2024-06-28,1,2024-06-28,0.0022255275970868,0.0015159095603688145,1.4681137023407507
0,NVDA,2024-07-31,2024-07-31,1,2024-07-31,0.0022176279441434,0.0015159095603688145,1.4629025385946246
0,AOS,2023-11-24,2023-11-24,1,2023-11-24,0.0022046532239376,0.0015159095603688145,1.4543435054273401
0,MMM,2024-10-22,2024-10-22,1,2024-10-22,0.0022025738975831,0.0015159095603688145,1.4529718362929402
0,CCL,2024-02-27,2024-02-27,1,2024-02-27,0.0021751022912212,0.0015159095603688145,1.434849642805872
0,AMD,2024-04-04,2024-04-04,1,2024-04-04,0.0021218549006637,0.0015159095603688145,1.3997239387734066
0,BBY,2023-08-29,2023-08-29,1,2023-08-29,0.0021179089607964,0.0015159095603688145,1.3971209207765147
0,META,2023-07-27,2023-07-27,1,2023-07-27,0.0020759851269152,0.0015159095603688145,1.3694650269308424
0,NVDA,2023-05-31,2023-05-31,1,2023-05-31,0.002073683925361,0.0015159095603688145,1.3679469933921924
0,ISRG,2023-01-25,2023-01-25,1,2023-01-25,0.0019669726825668,0.0015159095603688145,1.2975527920598664
0,ALB,2023-11-14,2023-11-14,1,2023-11-14,0.0019624606388485,0.0015159095603688145,1.294576332357876
0,MHK,2024-04-26,2024-04-26,1,2024-04-26,0.0019547573630309,0.0015159095603688145,1.2894947127025942
0,CMCSA,2024-10-31,2024-10-31,1,2024-10-31,0.0019461714391148,0.0015159095603688145,1.2838308366109286
0,ACN,2024-09-26,2024-09-26,1,2024-09-26,0.0019336128018039,0.0015159095603688145,1.27554628083054
0,TMO,2024-06-28,2024-06-28,1,2024-06-28,0.0019121462163942,0.0015159095603688145,1.2613854192785636
0,HON,2023-12-15,2023-12-15,1,2023-12-15,0.0018860348808326,0.0015159095603688145,1.2441605555767692
0,META,2023-03-03,2023-03-03,1,2023-03-03,0.0018520798628395,0.0015159095603688145,1.2217614501942298
0,EXPE,2024-11-08,2024-11-08,1,2024-11-08,0.001850532172183,0.0015159095603688145,1.2207404851597963
0,COF,2023-11-24,2023-11-24,1,2023-11-24,0.0018347909033764,0.0015159095603688145,1.2103564429859541
0,BLDR,2023-05-31,2023-05-31,1,2023-05-31,0.0017601583356736,0.0015159095603688145,1.1611235799880837
0,ALLE,2024-06-28,2024-06-28,1,2024-06-28,0.0017124019384937,0.0015159095603688145,1.1296201193408133
0,VLTO,2024-07-26,2024-07-26,1,2024-07-26,0.0017080536195862,0.0015159095603688145,1.1267516639783166
0,INTU,2024-03-15,2024-03-15,1,2024-03-15,0.0017045729974294,0.0015159095603688145,1.1244556020971888
0,GILD,2024-09-20,2024-09-20,1,2024-09-20,0.001646863684679,0.0015159095603688145,1.0863865020274197
0,PLTR,2024-09-20,2024-09-20,1,2024-09-20,0.0016408253839472,0.0015159095603688145,1.0824032164214297
0,HD,2023-05-31,2023-05-31,1,2023-05-31,0.0016397563604793,0.0015159095603688145,1.0816980137524526
0,PG,2024-09-20,2024-09-20,1,2024-09-20,0.0016163828378315,0.0015159095603688145,1.0662792029877037
0,COP,2023-12-15,2023-12-15,1,2023-12-15,0.0016094379871598,0.0015159095603688145,1.061697893618555
0,WMT,2023-05-18,2023-05-18,1,2023-05-18,0.0015999903475555,0.0015159095603688145,1.0554655695727844
0,BLK,2023-12-15,2023-12-15,1,2023-12-15,0.0015995413947772,0.0015159095603688145,1.0551694089112007
0,PM,2023-03-17,2023-03-17,1,2023-03-17,0.001598012980349,0.0015159095603688145,1.0541611598255307
0,CCL,2023-11-14,2023-11-14,1,2023-11-14,0.0015966322947254,0.0015159095603688145,1.0532503629945749
0,MA,2023-05-31,2023-05-31,1,2023-05-31,0.0015857675898587,0.0015159095603688145,1.0460832435629532
0,DLTR,2024-11-06,2024-11-06,1,2024-11-06,0.0015850954771993,0.0015159095603688145,1.045639871031391
0,CAT,2024-02-05,2024-02-05,1,2024-02-05,0.001563738067125,0.0015159095603688145,1.0315510291686194
0,CVX,2023-03-17,2023-03-17,1,2023-03-17,0.0015568834608949,0.0015159095603688145,1.0270292513467074
0,WFC,2023-11-24,2023-11-24,1,2023-11-24,0.0015466404894444,0.0015159095603688145,1.0202722707732703
0,MRK,2023-03-17,2023-03-17,1,2023-03-17,0.0015424984393086,0.0015159095603688145,1.0175398847232788
0,NVDA,2023-06-13,2023-06-13,1,2023-06-13,0.00154054679903,0.0015159095603688145,1.0162524462575402
0,LEN,2023-09-15,2023-09-15,1,2023-09-15,0.0015386531844948,0.0015159095603688145,1.0150032856316653
1,BMY,2024-03-15,2024-03-15,1,2024-03-15,0.0565306569867971,0.0026753122810163144,21.130489097639803
1,ALGN,2023-12-14,2023-12-14,1,2023-12-14,0.0435014676781065,0.0026753122810163144,16.260332667250676
1,INTC,2023-01-27,2023-01-27,1,2023-01-27,0.0345937810424301,0.0026753122810163144,12.93074505279376
1,MU,2023-09-28,2023-09-28,1,2023-09-28,0.0315376556808284,0.0026753122810163144,11.788401639919089
1,C,2023-07-14,2023-07-14,1,2023-07-14,0.0284311677794903,0.0026753122810163144,10.627233307017784
1,TMUS,2024-12-09,2024-12-09,1,2024-12-09,0.0268215001560747,0.0026753122810163144,10.025558640909606
1,AAPL,2024-12-20,2024-12-20,1,2024-12-20,0.0263263891184968,0.0026753122810163144,9.840492007346436
1,AVGO,2024-09-06,2024-09-06,1,2024-09-06,0.02625721201548,0.0026753122810163144,9.814634426716438
1,ALGN,2024-02-01,2024-02-01,1,2024-02-01,0.0261054348154478,0.0026753122810163144,9.757901909503703
1,AMD,2023-08-02,2023-08-02,1,2023-08-02,0.0258463483519638,0.0026753122810163144,9.66105846235832
1,EMR,2023-08-02,2023-08-02,1,2023-08-02,0.0237229314050637,0.0026753122810163144,8.867350392475187
1,MRK,2023-11-30,2023-11-30,1,2023-11-30,0.0216527336257665,0.0026753122810163144,8.09353501623404
1,KO,2023-05-31,2023-05-31,1,2023-05-31,0.0206569812726229,0.0026753122810163144,7.72133459678793
1,MO,2023-03-17,2023-03-17,1,2023-03-17,0.0196890615849182,0.0026753122810163144,7.3595376975724855
1,DE,2023-11-22,2023-11-22,1,2023-11-22,0.0196613844841219,0.0026753122810163144,7.349192325560144
1,AMD,2024-04-04,2024-04-04,1,2024-04-04,0.0193483659066259,0.0026753122810163144,7.23218969386098
1,AMD,2024-07-17,2024-07-17,1,2024-07-17,0.0183259302701723,0.0026753122810163144,6.850015379591698
1,LMT,2023-03-17,2023-03-17,1,2023-03-17,0.0182086010732186,0.0026753122810163144,6.806159117357844
1,BLDR,2023-12-15,2023-12-15,1,2023-12-15,0.0170727214290915,0.0026753122810163144,6.381580778527211
1,FDX,2024-12-20,2024-12-20,1,2024-12-20,0.0165027612820267,0.0026753122810163144,6.168536435588568
1,KO,2023-12-15,2023-12-15,1,2023-12-15,0.0150091278629285,0.0026753122810163144,5.610233978826105
1,AAPL,2024-09-20,2024-09-20,1,2024-09-20,0.0144656013542165,0.0026753122810163144,5.4070702163865585
1,V,2024-09-24,2024-09-24,1,2024-09-24,0.0142471897493427,0.0026753122810163144,5.325430548963946
1,LIN,2024-03-15,2024-03-15,1,2024-03-15,0.0142357580608707,0.0026753122810163144,5.321157519399093
1,CSCO,2024-05-16,2024-05-16,1,2024-05-16,0.0141217253481348,0.0026753122810163144,5.278533443867776
1,INTC,2024-08-05,2024-08-05,1,2024-08-05,0.0129224667946497,0.0026753122810163144,4.830264820427106
1,TGT,2023-08-16,2023-08-16,1,2023-08-16,0.0129116771238235,0.0026753122810163144,4.826231769443577
1,MHK,2023-01-17,2023-01-17,1,2023-01-17,0.012448234623298,0.0026753122810163144,4.653002459424695
1,ABBV,2023-03-17,2023-03-17,1,2023-03-17,0.0122487164228984,0.0026753122810163144,4.5784249225085905
1,TSLA,2023-07-20,2023-07-20,1,2023-07-20,0.0120374611578881,0.0026753122810163144,4.499460210048912
1,BLDR,2024-10-29,2024-10-29,1,2024-10-29,0.0113661812290295,0.0026753122810163144,4.2485437343829044
1,XOM,2023-10-11,2023-10-11,1,2023-10-11,0.0113039813858146,0.0026753122810163144,4.225294170712801
1,COP,2024-11-25,2024-11-25,1,2024-11-25,0.0111574098281562,0.0026753122810163144,4.170507460877671
1,GE,2023-03-09,2023-03-09,1,2023-03-09,0.0102264305941112,0.0026753122810163144,3.822518465106555
1,APTV,2024-08-01,2024-08-01,1,2024-08-01,0.0100195566813151,0.0026753122810163144,3.745191450139349
1,ISRG,2023-01-25,2023-01-25,1,2023-01-25,0.0099982595515939,0.0026753122810163144,3.737230835644988
1,WMT,2023-02-21,2023-02-21,1,2023-02-21,0.0096470641985754,0.0026753122810163144,3.6059581780526244
1,COF,2023-01-25,2023-01-25,1,2023-01-25,0.0096302125893998,0.0026753122810163144,3.5996592464119423
1,RCL,2024-01-02,2024-01-02,1,2024-01-02,0.0093995575754282,0.0026753122810163144,3.5134431378819957
1,ALL,2024-03-15,2024-03-15,1,2024-03-15,0.0093702242302242,0.0026753122810163144,3.5024786813540065
1,TSLA,2024-07-11,2024-07-11,1,2024-07-11,0.0089396061376949,0.0026753122810163144,3.3415187457289535
1,DHI,2024-04-10,2024-04-10,1,2024-04-10,0.0086787514594637,0.0026753122810163144,3.2440143608830447
1,GM,2024-03-15,2024-03-15,1,2024-03-15,0.0085786787823356,0.0026753122810163144,3.206608381088386
1,MGM,2023-10-25,2023-10-25,1,2023-10-25,0.0085754312953667,0.0026753122810163144,3.2053945089763545
1,KVUE,2024-10-21,2024-10-21,1,2024-10-21,0.0085077656993598,0.0026753122810163144,3.180101911739371
1,RTX,2024-03-15,2024-03-15,1,2024-03-15,0.00836158905513,0.0026753122810163144,3.125462815859967
1,CCL,2023-09-29,2023-09-29,1,2023-09-29,0.0083522945099199,0.0026753122810163144,3.1219886250987408
1,PLTR,2024-03-06,2024-03-06,1,2024-03-06,0.0083397425032065,0.0026753122810163144,3.117296833862829
1,INTC,2024-09-03,2024-09-03,1,2024-09-03,0.008164704789912,0.0026753122810163144,3.051869812674856
1,COP,2023-12-15,2023-12-15,1,2023-12-15,0.0081239575985819,0.0026753122810163144,3.0366389958392896
1,TSLA,2023-04-20,2023-04-20,1,2023-04-20,0.007788556694868,0.0026753122810163144,2.911270116066314
1,JNJ,2023-12-15,2023-12-15,1,2023-12-15,0.0076195839093998,0.0026753122810163144,2.848110092966502
1,KO,2024-03-15,2024-03-15,1,2024-03-15,0.0074748151159534,0.0026753122810163144,2.7939972350120637
1,MMM,2024-10-22,2024-10-22,1,2024-10-22,0.0073296806106239,0.0026753122810163144,2.739747678293263
1,INTU,2023-02-03,2023-02-03,1,2023-02-03,0.0072753338001506,0.0026753122810163144,2.7194334851207724
1,C,2024-10-15,2024-10-15,1,2024-10-15,0.0071247690400384,0.0026753122810163144,2.6631541635699434
1,HD,2023-05-31,2023-05-31,1,2023-05-31,0.0070785695007847,0.0026753122810163144,2.6458853237483173
1,COP,2024-05-29,2024-05-29,1,2024-05-29,0.0069223514952075,0.0026753122810163144,2.5874928860932056
1,NVDA,2024-08-05,2024-08-05,1,2024-08-05,0.0069125967837559,0.0026753122810163144,2.5838466906487265
1,TSLA,2024-07-24,2024-07-24,1,2024-07-24,0.0063356291501501,0.0026753122810163144,2.3681830323536217
1,META,2024-08-01,2024-08-01,1,2024-08-01,0.0062243149421798,0.0026753122810163144,2.326575101660756
1,COP,2024-09-20,2024-09-20,1,2024-09-20,0.006117830138343,0.0026753122810163144,2.286772344953659
1,MO,2023-09-15,2023-09-15,1,2023-09-15,0.0059611749739512,0.0026753122810163144,2.2282165025185887
1,A,2024-01-03,2024-01-03,1,2024-01-03,0.005905427353476,0.0026753122810163144,2.207378703181749
1,CSCO,2024-10-16,2024-10-16,1,2024-10-16,0.0056954533739492,0.0026753122810163144,2.1288929200390676
1,ALB,2024-09-11,2024-09-11,1,2024-09-11,0.0056839292448178,0.0026753122810163144,2.1245853372521255
1,VLTO,2024-07-26,2024-07-26,1,2024-07-26,0.0056363850075285,0.0026753122810163144,2.106813865253635
1,DLTR,2024-11-06,2024-11-06,1,2024-11-06,0.0055264293245464,0.0026753122810163144,2.0657137350885204
1,ARE,2023-06-16,2023-06-16,1,2023-06-16,0.0055169374682009,0.0026753122810163144,2.0621657917650986
1,AVGO,2024-03-08,2024-03-08,1,2024-03-08,0.0055112546203114,0.0026753122810163144,2.0600416106256385
1,CCL,2023-06-26,2023-06-26,1,2023-06-26,0.0055040345566036,0.0026753122810163144,2.0573428364455055
1,LW,2023-04-06,2023-04-06,1,2023-04-06,0.0054365541553124,0.0026753122810163144,2.032119462796742
1,LMT,2023-07-18,2023-07-18,1,2023-07-18,0.0054346777479925,0.0026753122810163144,2.0314180839957645
1,XOM,2023-03-15,2023-03-15,1,2023-03-15,0.0053238755324855,0.0026753122810163144,1.990001530013174
1,XOM,2024-03-15,2024-03-15,1,2024-03-15,0.0052667715693435,0.0026753122810163144,1.968656745874439
1,MA,2023-03-17,2023-03-17,1,2023-03-17,0.0052256074650533,0.0026753122810163144,1.9532700919191996
1,DHR,2023-01-05,2023-01-05,1,2023-01-05,0.0050106552274276,0.0026753122810163144,1.8729234949439701
1,BLK,2023-09-15,2023-09-15,1,2023-09-15,0.0049807659757789,0.0026753122810163144,1.8617512471803013
1,CLX,2024-10-31,2024-10-31,1,2024-10-31,0.0049648337160414,0.0026753122810163144,1.8557959574556013
1,DE,2023-05-19,2023-05-19,1,2023-05-19,0.0049283317329354,0.0026753122810163144,1.842151949103749
1,DIS,2023-02-09,2023-02-09,1,2023-02-09,0.0048920464770937,0.0026753122810163144,1.82858895083279
1,AFL,2024-04-11,2024-04-11,1,2024-04-11,0.0046761916558845,0.0026753122810163144,1.7479049788191752
1,MCD,2023-04-25,2023-04-25,1,2023-04-25,0.004579095786903,0.0026753122810163144,1.7116116946031679
1,MU,2023-06-29,2023-06-29,1,2023-06-29,0.0042122176072249,0.0026753122810163144,1.5744769824122125
1,AAPL,2024-08-05,2024-08-05,1,2024-08-05,0.0042072508743634,0.0026753122810163144,1.5726204765767096
1,MAR,2023-04-26,2023-04-26,1,2023-04-26,0.0041510061006799,0.0026753122810163144,1.5515968472671122
1,STZ,2024-04-11,2024-04-11,1,2024-04-11,0.0041395001884666,0.0026753122810163144,1.5472960737480936
1,PLTR,2023-05-30,2023-05-30,1,2023-05-30,0.0041326415740816,0.0026753122810163144,1.5447324050378397
1,ALGN,2023-10-30,2023-10-30,1,2023-10-30,0.0041161335480865,0.0026753122810163144,1.5385619007149465
1,TSLA,2023-01-30,2023-01-30,1,2023-01-30,0.0040888420005917,0.0026753122810163144,1.528360643953836
1,CVS,2023-03-09,2023-03-09,1,2023-03-09,0.004070036452385,0.0026753122810163144,1.5213313530780972
1,NVDA,2024-09-03,2024-09-03,1,2024-09-03,0.0040577158300341,0.0026753122810163144,1.5167260505725446
1,CVS,2024-07-31,2024-07-31,1,2024-07-31,0.0040158111982236,0.0026753122810163144,1.5010625962132722
1,IBM,2023-03-17,2023-03-17,1,2023-03-17,0.0039820952677893,0.0026753122810163144,1.4884599813060166
1,ALGN,2024-12-18,2024-12-18,1,2024-12-18,0.0039299665950238,0.0026753122810163144,1.468974901700395
1,ALGN,2023-04-27,2023-04-27,1,2023-04-27,0.0038999811654624,0.0026753122810163144,1.457766703773681
1,APD,2024-08-01,2024-08-01,1,2024-08-01,0.0037617746207009,0.0026753122810163144,1.406106736545856
1,META,2023-07-27,2023-07-27,1,2023-07-27,0.0037143539296569,0.0026753122810163144,1.3883814446685334
1,AES,2023-09-28,2023-09-28,1,2023-09-28,0.0037133211861752,0.0026753122810163144,1.3879954174039677
1,STZ,2023-10-12,2023-10-12,1,2023-10-12,0.0036989386945303,0.0026753122810163144,1.3826194126111977
1,ARE,2024-04-10,2024-04-10,1,2024-04-10,0.0036096007207864,0.0026753122810163144,1.3492259376221911
1,V,2023-03-16,2023-03-16,1,2023-03-16,0.003588289355713,0.0026753122810163144,1.341260002122017
1,GILD,2023-03-17,2023-03-17,1,2023-03-17,0.003534190163079,0.0026753122810163144,1.3210383655609765
1,PHM,2023-09-05,2023-09-05,1,2023-09-05,0.0035232308532916,0.0026753122810163144,1.3169419055457605
1,LMT,2024-05-31,2024-05-31,1,2024-05-31,0.003507595625706,0.0026753122810163144,1.3110976429164796
1,AAPL,2023-01-03,2023-01-03,1,2023-01-03,0.0034807475749403,0.0026753122810163144,1.3010621599725964
1,ALLE,2023-04-04,2023-04-04,1,2023-04-04,0.0034689901197756,0.0026753122810163144,1.2966673626817795
1,ISRG,2023-07-21,2023-07-21,1,2023-07-21,0.0033880244882311,0.0026753122810163144,1.266403369906423
1,BLDR,2024-08-06,2024-08-06,1,2024-08-06,0.0033823260707625,0.0026753122810163144,1.2642733690429593
1,ALB,2024-05-15,2024-05-15,1,2024-05-15,0.0033457004326919,0.0026753122810163144,1.2505831399319538
1,RCL,2023-02-07,2023-02-07,1,2023-02-07,0.0033173627825453,0.0026753122810163144,1.239990862406941
1,COST,2023-10-06,2023-10-06,1,2023-10-06,0.003287858666196,0.0026753122810163144,1.228962573650276
1,PLTR,2024-11-15,2024-11-15,1,2024-11-15,0.0032850822974597,0.0026753122810163144,1.227924799945875
1,CSCO,2024-01-31,2024-01-31,1,2024-01-31,0.00321820733753,0.0026753122810163144,1.2029277330971797
1,LEN,2024-12-20,2024-12-20,1,2024-12-20,0.0031564305536448,0.0026753122810163144,1.1798363039868063
1,HON,2023-03-17,2023-03-17,1,2023-03-17,0.0031475496297599,0.0026753122810163144,1.1765167199711688
1,COP,2024-03-15,2024-03-15,1,2024-03-15,0.0031452851840488,0.0026753122810163144,1.1756702970219048
1,ADBE,2023-09-15,2023-09-15,1,2023-09-15,0.0031200592018043,0.0026753122810163144,1.1662411240526405
1,MAR,2024-12-18,2024-12-18,1,2024-12-18,0.0030952838359452,0.0026753122810163144,1.1569803861436858
1,DHI,2023-10-12,2023-10-12,1,2023-10-12,0.0030633604168542,0.0026753122810163144,1.145047790716406
1,AMZN,2023-10-25,2023-10-25,1,2023-10-25,0.0030184361792635,0.0026753122810163144,1.1282556435306452
1,INTC,2024-08-07,2024-08-07,1,2024-08-07,0.0029539681359892,0.0026753122810163144,1.104158253580411
1,MHK,2024-06-25,2024-06-25,1,2024-06-25,0.0029311961306423,0.0026753122810163144,1.0956463480699827
1,WFC,2023-05-04,2023-05-04,1,2023-05-04,0.0029195112175329,0.0026753122810163144,1.091278666139049
1,ALLE,2024-06-28,2024-06-28,1,2024-06-28,0.0027528010388778,0.0026753122810163144,1.0289643786302392
1,ROST,2024-08-23,2024-08-23,1,2024-08-23,0.0027442829451805,0.0026753122810163144,1.0257804162353654
1,KO,2023-09-15,2023-09-15,1,2023-09-15,0.002743783728071,0.0026753122810163144,1.025593814800818
1,A,2024-11-01,2024-11-01,1,2024-11-01,0.0027277971101107,0.0026753122810163144,1.0196182066171533
1,NFLX,2023-01-20,2023-01-20,1,2023-01-20,0.0027267484983894,0.0026753122810163144,1.0192262479928307
1,KVUE,2024-05-15,2024-05-15,1,2024-05-15,0.0026992579781411,0.0026753122810163144,1.0089506175763858
1,ABNB,2023-09-15,2023-09-15,1,2023-09-15,0.0026911311336637,0.0026753122810163144,1.0059128994994844
1,LULU,2024-05-22,2024-05-22,1,2024-05-22,0.0026801908301725,0.0026753122810163144,1.0018235438123628
2,TSLA,2024-07-24,2024-07-24,1,2024-07-24,0.1253081822767853,0.0028087306597129407,44.613812237016745
2,AMD,2023-08-02,2023-08-02,1,2023-08-02,0.0685937349956172,0.0028087306597129407,24.421613641881795
2,KO,2023-05-31,2023-05-31,1,2023-05-31,0.0579462811661263,0.0028087306597129407,20.630771756537367
2,BLDR,2023-12-15,2023-12-15,1,2023-12-15,0.0529631296919736,0.0028087306597129407,18.856606812340832
2,TSLA,2023-07-20,2023-07-20,1,2023-07-20,0.0472982234011093,0.0028087306597129407,16.83971485038843
2,C,2023-07-14,2023-07-14,1,2023-07-14,0.0458167393070956,0.0028087306597129407,16.312258047476217
2,LIN,2024-03-15,2024-03-15,1,2024-03-15,0.0432792715611867,0.0028087306597129407,15.408836518917036
2,TMUS,2024-12-09,2024-12-09,1,2024-12-09,0.0338314085965976,0.0028087306597129407,12.04508822503303
2,BMY,2024-03-15,2024-03-15,1,2024-03-15,0.0335597719151943,0.0028087306597129407,11.948376680099397
2,COF,2024-02-20,2024-02-20,1,2024-02-20,0.033553680193169,0.0028087306597129407,11.946207827773087
2,ARE,2023-06-16,2023-06-16,1,2023-06-16,0.0316967541351914,0.0028087306597129407,11.285081403437554
2,ALGN,2023-04-27,2023-04-27,1,2023-04-27,0.0297992179965755,0.0028087306597129407,10.609496461871874
2,TSLA,2023-01-03,2023-01-03,1,2023-01-03,0.0293276868760585,0.0028087306597129407,10.441615957243783
2,COP,2024-11-25,2024-11-25,1,2024-11-25,0.0291055259108543,0.0028087306597129407,10.362519385831376
2,CSCO,2024-05-16,2024-05-16,1,2024-05-16,0.0274533152580261,0.0028087306597129407,9.774278342812655
2,AES,2023-09-28,2023-09-28,1,2023-09-28,0.0254874680346498,0.0028087306597129407,9.074372420335484
2,INTC,2023-01-27,2023-01-27,1,2023-01-27,0.0229112323270075,0.0028087306597129407,8.157148229139596
2,LEN,2024-12-19,2024-12-19,1,2024-12-19,0.0226779986405745,0.0028087306597129407,8.074109406735444
2,LNT,2023-02-27,2023-02-27,1,2023-02-27,0.0226207979415592,0.0028087306597129407,8.05374408661566
2,LMT,2023-07-18,2023-07-18,1,2023-07-18,0.022139527682691,0.0028087306597129407,7.882396130127235
2,RCL,2024-01-02,2024-01-02,1,2024-01-02,0.0205450910298774,0.0028087306597129407,7.314724521139083
2,MO,2023-03-17,2023-03-17,1,2023-03-17,0.019957389299704,0.0028087306597129407,7.105483479054448
2,CCL,2023-09-29,2023-09-29,1,2023-09-29,0.0194175413809716,0.0028087306597129407,6.913279959337975
2,BLK,2023-09-15,2023-09-15,1,2023-09-15,0.0187170838161061,0.0028087306597129407,6.663894151395432
2,ROST,2023-05-19,2023-05-19,1,2023-05-19,0.0186568496360753,0.0028087306597129407,6.642448812796481
2,AMD,2024-07-17,2024-07-17,1,2024-07-17,0.0180508889102687,0.0028087306597129407,6.426706970939515
2,ISRG,2023-07-21,2023-07-21,1,2023-07-21,0.0179795970276851,0.0028087306597129407,6.401324728488797
2,DE,2023-11-22,2023-11-22,1,2023-11-22,0.0174208155988405,0.0028087306597129407,6.202380259779324
2,MU,2023-09-28,2023-09-28,1,2023-09-28,0.0171128448855597,0.0028087306597129407,6.092732610861547
2,AVGO,2024-09-06,2024-09-06,1,2024-09-06,0.0170225316406382,0.0028087306597129407,6.060578141151471
2,AMD,2024-04-04,2024-04-04,1,2024-04-04,0.0169484681517739,0.0028087306597129407,6.034209116194173
2,COF,2023-01-25,2023-01-25,1,2023-01-25,0.0167815296445041,0.0028087306597129407,5.974773546360338
2,ALGN,2023-12-14,2023-12-14,1,2023-12-14,0.0163358120299866,0.0028087306597129407,5.816083494334114
2,ALB,2024-09-11,2024-09-11,1,2024-09-11,0.0159781752789058,0.0028087306597129407,5.688753111178986
2,TSLA,2023-04-20,2023-04-20,1,2023-04-20,0.0147617923057017,0.0028087306597129407,5.255680979823958
2,LMT,2023-03-17,2023-03-17,1,2023-03-17,0.0147291279505365,0.0028087306597129407,5.244051400799624
2,DE,2023-05-19,2023-05-19,1,2023-05-19,0.0143960979018932,0.0028087306597129407,5.12548180869878
2,JNJ,2023-12-15,2023-12-15,1,2023-12-15,0.0140732838927457,0.0028087306597129407,5.010549460867146
2,COP,2024-09-20,2024-09-20,1,2024-09-20,0.0130881244396732,0.0028087306597129407,4.659800466952157
2,APD,2024-08-01,2024-08-01,1,2024-08-01,0.0130631066063263,0.0028087306597129407,4.650893299844344
2,COP,2023-12-15,2023-12-15,1,2023-12-15,0.0128184400142345,0.0028087306597129407,4.56378398900825
2,MRK,2024-03-15,2024-03-15,1,2024-03-15,0.0127318302712713,0.0028087306597129407,4.532948087152125
2,COP,2024-03-15,2024-03-15,1,2024-03-15,0.0124660461159995,0.0028087306597129407,4.438320232981528
2,MMM,2024-10-22,2024-10-22,1,2024-10-22,0.0120732134103546,0.0028087306597129407,4.2984589385970216
2,AXP,2023-07-21,2023-07-21,1,2023-07-21,0.0115714502055197,0.0028087306597129407,4.119814822935828
2,KVUE,2023-09-07,2023-09-07,1,2023-09-07,0.0115020668778855,0.0028087306597129407,4.095112088483785
2,INTU,2024-03-15,2024-03-15,1,2024-03-15,0.0114918701818775,0.0028087306597129407,4.0914817311290355
2,CCL,2023-03-27,2023-03-27,1,2023-03-27,0.0114548746431519,0.0028087306597129407,4.078310109066356
2,WMT,2023-02-21,2023-02-21,1,2023-02-21,0.0111863380434977,0.0028087306597129407,3.9827022946518382
2,CVX,2023-06-16,2023-06-16,1,2023-06-16,0.0109547604108229,0.0028087306597129407,3.9002530815619405
2,MO,2024-03-04,2024-03-04,1,2024-03-04,0.0106396834831684,0.0028087306597129407,3.7880753878536013
2,XOM,2024-03-15,2024-03-15,1,2024-03-15,0.0103906457293002,0.0028087306597129407,3.699409800426414
2,HON,2024-06-21,2024-06-21,1,2024-06-21,0.0099578864380115,0.0028087306597129407,3.545333335389738
2,GILD,2023-03-17,2023-03-17,1,2023-03-17,0.0096695187250868,0.0028087306597129407,3.4426649958935718
2,GM,2024-03-15,2024-03-15,1,2024-03-15,0.0094062986007581,0.0028087306597129407,3.3489500206187257
2,VLTO,2024-03-15,2024-03-15,1,2024-03-15,0.0090725506575276,0.0028087306597129407,3.230124834559551
2,KO,2024-03-15,2024-03-15,1,2024-03-15,0.0090613379531229,0.0028087306597129407,3.2261327449777584
2,EL,2023-08-18,2023-08-18,1,2023-08-18,0.0089949877054702,0.0028087306597129407,3.202509886223662
2,TSLA,2023-01-26,2023-01-27,2,2023-01-27,0.0089380218285239,0.0028087306597129407,3.1822281704424404
2,LMT,2024-03-15,2024-03-15,1,2024-03-15,0.0089355582765468,0.0028087306597129407,3.1813510653456665
2,MO,2023-09-15,2023-09-15,1,2023-09-15,0.0088366614523693,0.0028087306597129407,3.1461405606162423
2,AAPL,2024-08-05,2024-08-05,1,2024-08-05,0.0087828799108592,0.0028087306597129407,3.126992572423029
2,DUK,2023-12-15,2023-12-15,1,2023-12-15,0.0087443557491496,0.0028087306597129407,3.1132767105704953
2,XOM,2023-10-11,2023-10-11,1,2023-10-11,0.0087225865883131,0.0028087306597129407,3.105526177153836
2,AVGO,2024-03-08,2024-03-08,1,2024-03-08,0.0084843225001047,0.0028087306597129407,3.020696367152491
2,TGT,2023-08-16,2023-08-16,1,2023-08-16,0.0083561064670599,0.0028087306597129407,2.9750472649142923
2,HD,2023-05-31,2023-05-31,1,2023-05-31,0.0082127368426881,0.0028087306597129407,2.924002988427328
2,LLY,2023-02-02,2023-02-02,1,2023-02-02,0.0081742890602485,0.0028087306597129407,2.9103143200935944
2,ALGN,2024-04-30,2024-04-30,1,2024-04-30,0.0081109636841574,0.0028087306597129407,2.8877684145714277
2,DUK,2023-06-16,2023-06-16,1,2023-06-16,0.0080599951408657,0.0028087306597129407,2.8696219457687167
2,META,2023-10-26,2023-10-26,1,2023-10-26,0.0078620321505392,0.0028087306597129407,2.7991406450281424
2,DUK,2023-09-15,2023-09-15,1,2023-09-15,0.007666179491207,0.0028087306597129407,2.7294106911591527
2,V,2024-12-20,2024-12-20,1,2024-12-20,0.0075621985763843,0.0028087306597129407,2.6923900838385033
2,AFL,2023-10-31,2023-10-31,1,2023-10-31,0.0074562406744613,0.0028087306597129407,2.6546656044347614
2,KVUE,2024-10-21,2024-10-21,1,2024-10-21,0.0074063884210772,0.0028087306597129407,2.636916571357594
2,ADBE,2023-09-15,2023-09-15,1,2023-09-15,0.0071594952489249,0.0028087306597129407,2.5490145251793628
2,MGM,2023-02-09,2023-02-09,1,2023-02-09,0.0070794040759749,0.0028087306597129407,2.5204994474971953
2,MAR,2023-06-15,2023-06-15,1,2023-06-15,0.0069995030867024,0.0028087306597129407,2.492052081425909
2,C,2024-10-15,2024-10-15,1,2024-10-15,0.0068739887533916,0.0028087306597129407,2.447364872676734
2,LNT,2024-06-20,2024-06-20,1,2024-06-20,0.0066407446133477,0.0028087306597129407,2.364322328445121
2,V,2024-09-24,2024-09-24,1,2024-09-24,0.0065894660636937,0.0028087306597129407,2.346065487235846
2,LW,2023-04-06,2023-04-06,1,2023-04-06,0.0064362682266316,0.0028087306597129407,2.29152204550984
2,AAPL,2024-12-20,2024-12-20,1,2024-12-20,0.0063579142858673,0.0028087306597129407,2.263625479317798
2,RCL,2023-02-07,2023-02-07,1,2023-02-07,0.0063306189514696,0.0028087306597129407,2.2539074473294654
2,AAPL,2024-09-20,2024-09-20,1,2024-09-20,0.0061282334276863,0.0028087306597129407,2.181851579998995
2,AES,2023-01-05,2023-01-05,1,2023-01-05,0.0061274855397641,0.0028087306597129407,2.1815853074321994
2,COP,2024-05-29,2024-05-29,1,2024-05-29,0.0060739239212125,0.0028087306597129407,2.1625156190067973
2,JPM,2023-10-13,2023-10-13,1,2023-10-13,0.0060298799818459,0.0028087306597129407,2.1468345357337215
2,MA,2023-03-17,2023-03-17,1,2023-03-17,0.0059996969154711,0.0028087306597129407,2.1360883766919407
2,META,2024-08-01,2024-08-01,1,2024-08-01,0.0059521874412894,0.0028087306597129407,2.11917344965278
2,ALGN,2024-02-01,2024-02-01,1,2024-02-01,0.0058985312944666,0.0028087306597129407,2.1000701060704214
2,ALL,2024-03-15,2024-03-15,1,2024-03-15,0.0058152652083663,0.0028087306597129407,2.070424655442268
2,AMZN,2024-04-30,2024-04-30,1,2024-04-30,0.005679135909304,0.0028087306597129407,2.0219581716263324
2,LEN,2023-09-15,2023-09-15,1,2023-09-15,0.0056304120853989,0.0028087306597129407,2.0046108963592624
2,JPM,2023-07-14,2023-07-14,1,2023-07-14,0.005611676016512,0.0028087306597129407,1.9979402429015842
2,NVDA,2024-08-05,2024-08-05,1,2024-08-05,0.0055122601023564,0.0028087306597129407,1.9625449251583869
2,CVX,2024-09-20,2024-09-20,1,2024-09-20,0.0052992877666838,0.0028087306597129407,1.8867198064571278
2,PLTR,2023-08-09,2023-08-09,1,2023-08-09,0.0052851889161199,0.0028087306597129407,1.8817001544249385
2,HON,2024-02-01,2024-02-01,1,2024-02-01,0.0052448993975607,0.0028087306597129407,1.867355767781857
2,VLTO,2024-07-26,2024-07-26,1,2024-07-26,0.0050239548383009,0.0028087306597129407,1.7886922766793028
2,CMG,2023-02-08,2023-02-08,1,2023-02-08,0.0049542083680325,0.0028087306597129407,1.7638602515695943
2,BLDR,2024-08-05,2024-08-06,2,2024-08-05,0.0049265109378514,0.0028087306597129407,1.7539990603281632
2,WFC,2023-09-15,2023-09-15,1,2023-09-15,0.0048938405167064,0.0028087306597129407,1.7423673216165778
2,EMR,2023-08-02,2023-08-02,1,2023-08-02,0.0048727155522404,0.0028087306597129407,1.7348461431821318
2,CL,2024-07-26,2024-07-26,1,2024-07-26,0.0048663246678188,0.0028087306597129407,1.7325707792559044
2,APTV,2024-01-31,2024-01-31,1,2024-01-31,0.0048169404513222,0.0028087306597129407,1.7149883826221
2,LNT,2024-08-05,2024-08-05,1,2024-08-05,0.0047390985324454,0.0028087306597129407,1.6872741129723516
2,META,2023-07-27,2023-07-27,1,2023-07-27,0.0047360011238197,0.0028087306597129407,1.6861713341726157
2,STZ,2024-01-05,2024-01-05,1,2024-01-05,0.0046921722081606,0.0028087306597129407,1.6705668063737205
2,ABBV,2023-03-17,2023-03-17,1,2023-03-17,0.0046909550831235,0.0028087306597129407,1.6701334700433426
2,AES,2023-05-08,2023-05-08,1,2023-05-08,0.0046455438287618,0.0028087306597129407,1.6539655779015088
2,MRK,2023-03-17,2023-03-17,1,2023-03-17,0.0045741020451084,0.0028087306597129407,1.6285299657660604
2,CSCO,2024-03-15,2024-03-15,1,2024-03-15,0.0045558297530078,0.0028087306597129407,1.6220244320163535
2,PM,2023-12-13,2023-12-13,1,2023-12-13,0.0045184331063258,0.0028087306597129407,1.6087100023993028
2,TGT,2024-11-25,2024-11-25,1,2024-11-25,0.0044447031151503,0.0028087306597129407,1.5824597135292995
2,DLTR,2023-03-01,2023-03-01,1,2023-03-01,0.004425594687018,0.0028087306597129407,1.5756564879988555
2,AMD,2024-05-01,2024-05-01,1,2024-05-01,0.0043744785830009,0.0028087306597129407,1.5574574827505827
2,LNT,2024-01-31,2024-01-31,1,2024-01-31,0.0043350398422868,0.0028087306597129407,1.5434160008528022
2,CVX,2024-12-20,2024-12-20,1,2024-12-20,0.0042893881576934,0.0028087306597129407,1.5271625076830209
2,IBM,2023-07-20,2023-07-20,1,2023-07-20,0.00423004165447,0.0028087306597129407,1.5060332110670664
2,ABBV,2024-03-15,2024-03-15,1,2024-03-15,0.0042067141691404,0.0028087306597129407,1.4977278631516546
2,RCL,2023-05-04,2023-05-04,1,2023-05-04,0.0041869880049489,0.0028087306597129407,1.490704703375446
2,CVX,2023-03-17,2023-03-17,1,2023-03-17,0.0041732294608104,0.0028087306597129407,1.4858062115635233
2,MO,2024-03-15,2024-03-15,1,2024-03-15,0.0041683697538852,0.0028087306597129407,1.4840759969171333
2,BLDR,2024-10-29,2024-10-29,1,2024-10-29,0.0041366482414146,0.0028087306597129407,1.472782100736343
2,MA,2024-05-01,2024-05-01,1,2024-05-01,0.0041092756452902,0.0028087306597129407,1.4630365610457565
2,LNT,2023-12-15,2023-12-15,1,2023-12-15,0.0040877437568269,0.0028087306597129407,1.455370504356113
2,BLK,2024-04-12,2024-04-12,1,2024-04-12,0.0040609008283354,0.0028087306597129407,1.4458135436704473
2,MRK,2024-11-25,2024-11-25,1,2024-11-25,0.0039818801777437,0.0028087306597129407,1.4176796069690278
2,CCL,2024-02-27,2024-02-27,1,2024-02-27,0.0039464106424323,0.0028087306597129407,1.4050512920436569
2,KO,2024-09-20,2024-09-20,1,2024-09-20,0.0039127931402011,0.0028087306597129407,1.3930823614824632
2,LULU,2024-05-22,2024-05-22,1,2024-05-22,0.0039075333005977,0.0028087306597129407,1.3912096865126469
2,BBY,2024-03-01,2024-03-01,1,2024-03-01,0.0038906131732801,0.0028087306597129407,1.385185567660564
2,LEN,2024-06-18,2024-06-18,1,2024-06-18,0.0037947897527677,0.0028087306597129407,1.3510692951796015
2,DHI,2023-10-12,2023-10-12,1,2023-10-12,0.0037672607606509,0.0028087306597129407,1.3412680733993638
2,LOW,2023-06-16,2023-06-16,1,2023-06-16,0.0037665668060071,0.0028087306597129407,1.341021002844058
2,A,2023-01-06,2023-01-06,1,2023-01-06,0.0037655187770724,0.0028087306597129407,1.340647870257964
2,V,2024-05-14,2024-05-14,1,2024-05-14,0.003764590636274,0.0028087306597129407,1.3403174217704272
2,NFLX,2024-07-19,2024-07-19,1,2024-07-19,0.0036976765710278,0.0028087306597129407,1.3164938255082501
2,GILD,2024-04-25,2024-04-25,1,2024-04-25,0.0036963218874613,0.0028087306597129407,1.3160115138412998
2,BMY,2023-11-20,2023-11-20,1,2023-11-20,0.003689943479397,0.0028087306597129407,1.3137405919064242
2,XOM,2024-09-20,2024-09-20,1,2024-09-20,0.0036582865364228,0.0028087306597129407,1.3024696845786865
2,CCL,2023-11-14,2023-11-14,1,2023-11-14,0.0036244094690725,0.0028087306597129407,1.2904083403436497
2,MCD,2023-04-25,2023-04-25,1,2023-04-25,0.0036237264323669,0.0028087306597129407,1.2901651569315136
2,V,2023-03-16,2023-03-16,1,2023-03-16,0.0036141055511417,0.0028087306597129407,1.2867398084767125
2,IBM,2023-03-17,2023-03-17,1,2023-03-17,0.0035840342380442,0.0028087306597129407,1.2760334372575608
2,CSCO,2023-05-18,2023-05-18,1,2023-05-18,0.0035486970761364,0.0028087306597129407,1.2634522515943505
2,DHI,2023-12-14,2023-12-14,1,2023-12-14,0.0035332155843207,0.0028087306597129407,1.2579403340446333
2,KO,2023-12-15,2023-12-15,1,2023-12-15,0.0035256024656215,0.0028087306597129407,1.2552298147312657
2,CSCO,2024-10-16,2024-10-16,1,2024-10-16,0.003495152527082,0.0028087306597129407,1.244388640468365
2,MHK,2024-06-25,2024-06-25,1,2024-06-25,0.003480151738798,0.0028087306597129407,1.2390478691017246
2,MU,2024-06-27,2024-06-27,1,2024-06-27,0.0034426998647783,0.0028087306597129407,1.2257137767457391
2,MGM,2023-10-06,2023-10-06,1,2023-10-06,0.0033962655503273,0.0028087306597129407,1.2091816417436076
2,DUK,2023-04-03,2023-04-03,1,2023-04-03,0.0033856106301148,0.0028087306597129407,1.2053881415816559
2,PM,2024-03-15,2024-03-15,1,2024-03-15,0.0033509148357552,0.0028087306597129407,1.1930353037473773
2,LEN,2023-06-15,2023-06-15,1,2023-06-15,0.0033388842833422,0.0028087306597129407,1.1887520335194555
2,MU,2023-03-29,2023-03-29,1,2023-03-29,0.0033319892245344,0.0028087306597129407,1.186297167018121
2,CL,2023-10-27,2023-10-27,1,2023-10-27,0.0033198821300175,0.0028087306597129407,1.1819866452972034
2,DLTR,2024-11-06,2024-11-06,1,2024-11-06,0.003276631015117,0.0028087306597129407,1.1665878334706112
2,AOS,2024-01-30,2024-01-30,1,2024-01-30,0.0032486019937399,0.0028087306597129407,1.1566085849156913
2,DHI,2024-04-10,2024-04-10,1,2024-04-10,0.0032361316088402,0.0028087306597129407,1.152168719933773
2,PM,2023-03-17,2023-03-17,1,2023-03-17,0.003222681432467,0.0028087306597129407,1.1473800171342758
2,CPB,2024-09-11,2024-09-11,1,2024-09-11,0.0032025713881012,0.0028087306597129407,1.1402201834577157
2,COST,2023-09-27,2023-09-27,1,2023-09-27,0.0031989126009041,0.0028087306597129407,1.1389175355215573
2,ROST,2024-03-06,2024-03-06,1,2024-03-06,0.0031513829195318,0.0028087306597129407,1.1219954140614818
2,CPB,2023-09-15,2023-09-15,1,2023-09-15,0.0031049767613088,0.0028087306597129407,1.1054733035976245
2,MHK,2023-01-17,2023-01-17,1,2023-01-17,0.00308150020428,0.0028087306597129407,1.0971148812805487
2,MAR,2023-02-14,2023-02-14,1,2023-02-14,0.0030722421710379,0.0028087306597129407,1.0938187185779824
2,INTC,2024-09-03,2024-09-03,1,2024-09-03,0.0030615847817292,0.0028087306597129407,1.090024339337009
2,CL,2023-04-28,2023-04-28,1,2023-04-28,0.0030511874472722,0.0028087306597129407,1.0863225481307057
2,TSLA,2024-08-05,2024-08-05,1,2024-08-05,0.0030265793359527,0.0028087306597129407,1.0775612554683416
2,TSLA,2023-03-02,2023-03-02,1,2023-03-02,0.0029731491719381,0.0028087306597129407,1.0585383691585306
2,KO,2023-09-15,2023-09-15,1,2023-09-15,0.0029592484637457,0.0028087306597129407,1.0535892622926482
2,BAC,2023-10-17,2023-10-17,1,2023-10-17,0.002934385833214,0.0028087306597129407,1.0447373524643695
2,INTC,2023-07-28,2023-07-28,1,2023-07-28,0.0029237612788468,0.0028087306597129407,1.0409546635367364
2,MA,2023-05-31,2023-05-31,1,2023-05-31,0.0029056952388297,0.0028087306597129407,1.03452256227611
2,BLK,2023-12-15,2023-12-15,1,2023-12-15,0.002901800917031,0.0028087306597129407,1.0331360563164755
2,DLTR,2023-11-29,2023-11-29,1,2023-11-29,0.0028965067130532,0.0028087306597129407,1.0312511465051726
2,CVS,2023-12-05,2023-12-05,1,2023-12-05,0.0028838502039434,0.0028087306597129407,1.0267450152155695
2,AES,2023-11-03,2023-11-03,1,2023-11-03,0.0028815037294407,0.0028087306597129407,1.025909593529768
2,MU,2024-06-20,2024-06-20,1,2024-06-20,0.0028726797298683,0.0028087306597129407,1.022767961012643
2,MU,2023-06-29,2023-06-29,1,2023-06-29,0.0028609755612706,0.0028087306597129407,1.018600894100326
2,INTC,2023-03-29,2023-03-29,1,2023-03-29,0.0028468682595606,0.0028087306597129407,1.0135782331836534
2,DHR,2023-07-21,2023-07-21,1,2023-07-21,0.0028261135021845,0.0028087306597129407,1.00618886058421
2,MRK,2023-11-30,2023-11-30,1,2023-11-30,0.0028250423500139,0.0028087306597129407,1.0058074953696794
2,COF,2024-01-26,2024-01-26,1,2024-01-26,0.0028238982117424,0.0028087306597129407,1.0054001447155525
