ticker,start,end,missed_seeds,n_missed_seeds,days,mean_score_ratio,max_score
IBM,2023-09-26,2023-09-26,"0,1,2",3,1,0.022016801206881337,0.0001069318209374
PM,2024-11-06,2024-11-06,"0,1,2",3,1,0.02366399748078923,9.27295546525305e-05
ALL,2023-01-19,2023-01-19,"0,1,2",3,1,0.031785749997724724,0.0001695060594405
COST,2023-11-16,2023-11-16,"0,1,2",3,1,0.036696818490231264,0.0001250644664651
MA,2024-11-06,2024-11-06,"0,1,2",3,1,0.03913272144569718,0.0001893872136669
JNJ,2023-01-09,2023-01-09,"0,1,2",3,1,0.051390993179047016,0.0001815019000787
UNH,2023-12-14,2023-12-14,"0,1,2",3,1,0.05380003189544893,0.0002519720642036
PG,2024-11-08,2024-11-08,"0,1,2",3,1,0.05566796118644174,0.0001648588308348
AOS,2023-06-02,2023-06-02,"0,1,2",3,1,0.05807586467069121,0.0001613244329898
WFC,2023-03-07,2023-03-07,"0,1,2",3,1,0.05811317298184535,0.0002923186181181
LOW,2024-11-25,2024-11-25,"0,1,2",3,1,0.05842620604404325,0.0003081125579774
CSCO,2024-04-09,2024-04-09,"0,1,2",3,1,0.05930531313897545,0.0002518579240131
LMT,2024-10-01,2024-10-01,"0,1,2",3,1,0.06052143310434414,0.0001663107673569
MA,2024-07-10,2024-07-10,"0,1,2",3,1,0.06841246440347047,0.0003006814644019
MRK,2023-03-06,2023-03-06,"0,1,2",3,1,0.07499413349788421,0.0002239885598523
GS,2023-11-03,2023-11-03,"0,1,2",3,1,0.07502935154447887,0.0003887737141061
UNH,2024-01-12,2024-01-12,"0,1,2",3,1,0.07547261300217113,0.0002249252591961
MMM,2024-10-28,2024-10-28,"0,1,2",3,1,0.07801026596903061,0.0004303432237874
LNT,2024-11-11,2024-11-11,"0,1,2",3,1,0.07968475770222398,0.0004123567279228
ALL,2024-07-18,2024-07-18,"0,1,2",3,1,0.08381411253492037,0.0003162776637812
UNH,2024-11-06,2024-11-06,"0,1,2",3,1,0.0850493609838755,0.0005529627730873
MA,2024-07-31,2024-07-31,"0,1,2",3,1,0.08545122645053492,0.0005457479778366
PG,2024-08-01,2024-08-01,"0,1,2",3,1,0.08606026670361033,0.0002383821954329
CVX,2024-06-03,2024-06-03,"0,1,2",3,1,0.0875734710810425,0.0002450109921786
JPM,2024-08-02,2024-08-02,"0,1,2",3,1,0.09392407528150155,0.0003802725943084
DHR,2023-07-27,2023-07-27,"0,1,2",3,1,0.09487635784426428,0.0004391213489725
ALL,2023-07-20,2023-07-20,"0,1,2",3,1,0.09664666179561769,0.00053884578568
RCL,2024-08-02,2024-08-02,"0,1,2",3,1,0.10028704150233285,0.0003144505414335
CVX,2023-10-23,2023-10-23,"0,1,2",3,1,0.10172193925222661,0.0006919739525377
BKNG,2024-07-25,2024-07-25,"0,1,2",3,1,0.103500384607841,0.0004818383788612
XOM,2024-04-26,2024-04-26,"0,1,2",3,1,0.10906514707634185,0.0005196637127179
LEN,2024-11-25,2024-11-25,"0,1,2",3,1,0.1113864586827843,0.0004402303259121
INTC,2024-07-08,2024-07-08,"0,1,2",3,1,0.12316131257446089,0.000579045705308
ARE,2024-07-24,2024-07-24,"0,1,2",3,1,0.12541970857153484,0.0004544234123992
CVX,2023-10-11,2023-10-11,"0,1,2",3,1,0.1264450466815745,0.0004310545460678
UNH,2024-12-05,2024-12-05,"0,1,2",3,1,0.13928175362576642,0.0008068951331855
INTU,2024-05-30,2024-05-30,"0,1,2",3,1,0.14524406529387032,0.000396015112589
JPM,2023-03-15,2023-03-15,"0,1,2",3,1,0.15275263533841635,0.0004265564574961
ALLE,2023-12-08,2023-12-08,"0,1,2",3,1,0.15360614023725008,0.0005589516057322
MCD,2024-07-29,2024-07-29,"0,1,2",3,1,0.1547522365902718,0.0008419221837054
CPB,2023-10-13,2023-10-13,"0,1,2",3,1,0.15710478509984804,0.0005091216199313
TMUS,2024-06-12,2024-06-12,"0,1,2",3,1,0.15725491592721522,0.0006819537403619
ALB,2024-08-15,2024-08-15,"0,1,2",3,1,0.162369145295258,0.0004475117642869
DE,2024-11-08,2024-11-08,"0,1,2",3,1,0.1627968279563829,0.0011054831900562
AVGO,2023-05-02,2023-05-02,"0,1,2",3,1,0.16479375538376437,0.0010759788280362
BLK,2023-11-02,2023-11-02,"0,1,2",3,1,0.16565640866260015,0.0004791632841564
RCL,2024-08-06,2024-08-06,"0,1,2",3,1,0.1672092863962715,0.0004776287622613
WFC,2023-03-09,2023-03-09,"0,1,2",3,1,0.17078212836706294,0.0005900924511281
COF,2024-06-11,2024-06-11,"0,1,2",3,1,0.17286191716245572,0.0010306665149983
INTU,2024-11-06,2024-11-06,"0,1,2",3,1,0.1753888843547398,0.0009508973041527
INTU,2024-11-19,2024-11-19,"0,1,2",3,1,0.1786235453054564,0.0006566658251766
DE,2023-12-13,2023-12-13,"0,1,2",3,1,0.17890498441906552,0.0006274891065307
LW,2024-12-13,2024-12-13,"0,1,2",3,1,0.17980969984026118,0.0007758749895098
GS,2024-03-21,2024-03-21,"0,1,2",3,1,0.18237830653943968,0.0006808991360458
LIN,2024-02-06,2024-02-06,"0,1,2",3,1,0.18795696276937077,0.0004860759691534
LIN,2023-07-05,2023-07-05,"0,1,2",3,1,0.19885149420648948,0.0010450907893755
GOOG,2024-11-21,2024-11-21,"0,1,2",3,1,0.19891552662700038,0.0007344545393371
CMCSA,2024-11-06,2024-11-06,"0,1,2",3,1,0.20251328608305896,0.0008631644395791
UNH,2023-04-03,2023-04-03,"0,1,2",3,1,0.20815491281127363,0.0013524353945589
C,2024-01-30,2024-01-30,"0,1,2",3,1,0.2238640754591854,0.0010859891483354
DHI,2024-07-11,2024-07-11,"0,1,2",3,1,0.22975925882343975,0.0012404417604557
ACN,2024-10-30,2024-10-30,"0,1,2",3,1,0.23004436171860673,0.0011593157981879
ADBE,2023-05-25,2023-05-25,"0,1,2",3,1,0.23081022053577693,0.0005573290811904
BAC,2024-08-02,2024-08-02,"0,1,2",3,1,0.23718782658284587,0.0006923875058419
MRK,2023-08-23,2023-08-23,"0,1,2",3,1,0.23891619152226262,0.0012019647729175
MO,2024-02-01,2024-02-01,"0,1,2",3,1,0.24044905069900355,0.0008254847808226
PG,2023-10-18,2023-10-18,"0,1,2",3,1,0.24338807179924885,0.0010141973910018
ADBE,2024-02-16,2024-02-16,"0,1,2",3,1,0.2616899119883021,0.001001083280001
JNJ,2023-07-31,2023-07-31,"0,1,2",3,1,0.26226869777779566,0.0016151157248846
BMY,2024-10-31,2024-10-31,"0,1,2",3,1,0.26277609171461164,0.0017488738840689
PM,2023-09-28,2023-09-28,"0,1,2",3,1,0.26508917833662166,0.0018526479466042
ABNB,2024-02-15,2024-02-15,"0,1,2",3,1,0.2724126665881691,0.0007172859479699
GE,2024-03-07,2024-03-07,"0,1,2",3,1,0.2803071377886949,0.0007092364297326
AES,2024-11-06,2024-11-06,"0,1,2",3,1,0.28624792505976654,0.0012358765961835
EL,2024-08-13,2024-08-13,"0,1,2",3,1,0.28673012242237234,0.000872640362589
MRK,2023-01-09,2023-01-09,"0,1,2",3,1,0.29538763124745077,0.0018342954106628
DE,2023-04-05,2023-04-05,"0,1,2",3,1,0.30651051519358247,0.0010664163254508
RTX,2024-11-14,2024-11-14,"0,1,2",3,1,0.30939590506835807,0.0015259373958542
LMT,2023-09-06,2023-09-06,"0,1,2",3,1,0.312620635536878,0.0017784258507466
DHR,2024-10-22,2024-10-22,"0,1,2",3,1,0.3130580147992766,0.0011795140667438
LIN,2023-02-07,2023-02-07,"0,1,2",3,1,0.31826111196132906,0.0019781127059832
CSCO,2023-09-21,2023-09-21,"0,1,2",3,1,0.33427995885498163,0.0016191582385999
LULU,2024-11-01,2024-11-01,"0,1,2",3,1,0.33480416416143877,0.0011803887751827
MRK,2024-02-01,2024-02-01,"0,1,2",3,1,0.33555913154363465,0.0019986969874025
GOOGL,2024-12-10,2024-12-11,"0,1,2",3,2,0.33679892856727367,0.0012800630647689
GE,2024-04-03,2024-04-03,"0,1,2",3,1,0.34217859864245187,0.0014350208731533
MA,2024-08-05,2024-08-05,"0,1,2",3,1,0.3424074307446365,0.0016137676958654
GOOGL,2023-02-02,2023-02-02,"0,1,2",3,1,0.36174684490183373,0.0011282969895877
AFL,2023-12-14,2023-12-14,"0,1,2",3,1,0.3629304087854091,0.0014832156419705
ALLE,2023-10-18,2023-10-18,"0,1,2",3,1,0.36427875661081655,0.0025469682990054
CRM,2024-11-11,2024-11-11,"0,1,2",3,1,0.3689143956183673,0.0019217384347159
TMUS,2023-04-28,2023-04-28,"0,1,2",3,1,0.37342823722118484,0.0017270749913526
MU,2023-04-10,2023-04-10,"0,1,2",3,1,0.3751307219756395,0.0016683537127391
COST,2024-11-08,2024-11-08,"0,1,2",3,1,0.3773985802010527,0.0025693960584855
MO,2024-03-06,2024-03-06,"0,1,2",3,1,0.3948300984111707,0.0011814161916845
AAPL,2024-03-21,2024-03-21,"0,1,2",3,1,0.39636140995117236,0.001514589993773
MSFT,2024-01-31,2024-01-31,"0,1,2",3,1,0.4138086087901612,0.0023135720393232
DHR,2024-01-30,2024-01-30,"0,1,2",3,1,0.41436726974340193,0.0011101696824577
CL,2024-10-25,2024-10-25,"0,1,2",3,1,0.41509838683957273,0.0018887115675961
ALL,2023-12-14,2023-12-14,"0,1,2",3,1,0.4177328708185967,0.0017646523366541
CRM,2024-09-19,2024-09-19,"0,1,2",3,1,0.43233113694683095,0.0019130209439026
DE,2024-08-15,2024-08-15,"0,1,2",3,1,0.44172678507911,0.0017011730652787
JNJ,2023-04-05,2023-04-05,"0,1,2",3,1,0.4519357512359723,0.0025879700799123
GOOG,2024-12-10,2024-12-11,"0,1,2",3,2,0.45225206823707315,0.0022083978110458
MAR,2024-07-31,2024-07-31,"0,1,2",3,1,0.45324882047190734,0.0019075260420019
LW,2023-10-05,2023-10-05,"0,1,2",3,1,0.456862723108205,0.0013492754059673
GOOGL,2024-11-21,2024-11-21,"0,1,2",3,1,0.4678420545094621,0.0017686984865576
TMO,2024-07-24,2024-07-24,"0,1,2",3,1,0.4714666253514839,0.0016970060125458
CMG,2024-04-25,2024-04-25,"0,1,2",3,1,0.47344900474729174,0.0012692209319766
TMUS,2024-10-24,2024-10-24,"0,1,2",3,1,0.4740830708428878,0.0011853825260991
ORCL,2023-05-25,2023-05-25,"0,1,2",3,1,0.4744614066581292,0.0019350206282979
EMR,2024-05-08,2024-05-08,"0,1,2",3,1,0.48154882321464826,0.0027245462852685
UNH,2024-06-28,2024-06-28,"0,1,2",3,1,0.482199350166598,0.0015815663355169
JNJ,2024-07-17,2024-07-17,"0,1,2",3,1,0.48297640688313964,0.0024769007647895
MMM,2023-10-24,2023-10-24,"0,1,2",3,1,0.4860898772926765,0.0014132882554804
V,2024-03-22,2024-03-22,"0,1,2",3,1,0.4896004169517565,0.0023763206476966
HD,2024-11-06,2024-11-06,"0,1,2",3,1,0.4923271232070698,0.0022235223625198
EMR,2023-02-08,2023-02-08,"0,1,2",3,1,0.4993584359452467,0.0023245171201919
AES,2024-09-11,2024-09-11,"0,1,2",3,1,0.5002133879418985,0.0014972026051054
GILD,2023-11-08,2023-11-08,"0,1,2",3,1,0.5106121345866,0.0026618773037019
ACN,2023-03-23,2023-03-23,"0,1,2",3,1,0.5159977965810726,0.0018580479876878
AVGO,2023-09-01,2023-09-01,"0,1,2",3,1,0.5179897207031336,0.0024509900089469
LNT,2024-11-01,2024-11-01,"0,1,2",3,1,0.5324223094545008,0.0019221727824315
STZ,2023-10-05,2023-10-05,"0,1,2",3,1,0.5336092864091612,0.0023187710346671
GOOG,2023-07-26,2023-07-26,"0,1,2",3,1,0.5546487679267208,0.0016386626039699
MHK,2023-11-14,2023-11-14,"0,1,2",3,1,0.5729493678562277,0.0024273528419143
GOOGL,2023-07-26,2023-07-26,"0,1,2",3,1,0.5772132347008667,0.0021058473382557
MO,2024-07-31,2024-07-31,"0,1,2",3,1,0.5818888754267141,0.0026298710057744
C,2024-08-02,2024-08-02,"0,1,2",3,1,0.5914537657474396,0.0016897812505097
ABBV,2024-10-30,2024-10-30,"0,1,2",3,1,0.6167713956300015,0.0018231238428111
RCL,2024-11-06,2024-11-06,"0,1,2",3,1,0.6386482957947973,0.0022173379042406
ABBV,2024-04-26,2024-04-26,"0,1,2",3,1,0.6593885664301637,0.0019790523995955
CAT,2023-12-14,2023-12-14,"0,1,2",3,1,0.6970827924563192,0.002602856918141
CL,2023-12-14,2023-12-14,"0,1,2",3,1,0.7408611763000618,0.0027908701253181
AOS,2023-10-26,2023-10-26,"0,1,2",3,1,0.798551403415123,0.0025341365135924
ALGN,2023-02-02,2023-02-02,"1,2",2,1,0.005781808884746092,2.1545771315603897e-05
NVDA,2023-05-25,2023-05-25,"1,2",2,1,0.018154387625943298,7.229105552445011e-05
META,2024-02-02,2024-02-02,"1,2",2,1,0.053645037268903004,0.0002923682940325
TMUS,2024-05-31,2024-05-31,"0,1",2,1,0.05430882695259624,0.0001504356983408
LW,2024-11-15,2024-11-15,"0,2",2,1,0.05494574277870067,0.0001121157956731
FDX,2024-06-26,2024-06-26,"1,2",2,1,0.07108609342522842,0.0003874426913474
UNH,2024-04-16,2024-04-16,"1,2",2,1,0.07824749653108877,0.0002759267939836
PM,2024-04-23,2024-04-23,"0,1",2,1,0.07835152226865943,0.0001748290240357
TSLA,2024-10-24,2024-10-24,"1,2",2,1,0.08485145282886457,0.0004732183280931
CVX,2023-01-26,2023-01-26,"0,2",2,1,0.08897749759590942,0.0003622497811995
LLY,2023-08-08,2023-08-08,"1,2",2,1,0.09791474354691818,0.0005460202415482
CVX,2023-05-02,2023-05-02,"0,2",2,1,0.10209293940730384,0.0002368072743593
TMUS,2024-03-07,2024-03-07,"0,2",2,1,0.17442926301464584,0.000374599684316
COF,2024-11-06,2024-11-06,"1,2",2,1,0.18334141547587018,0.0010000857943707
PM,2024-08-05,2024-08-05,"0,1",2,1,0.20462053628694685,0.0005383521989794
JPM,2023-10-27,2023-10-27,"0,2",2,1,0.21540795397331486,0.0004429050487184
ISRG,2023-10-11,2023-10-11,"0,1",2,1,0.23548328436853447,0.0008906705121868
ALGN,2023-09-07,2023-09-07,"0,1",2,1,0.24188555312610555,0.0007306403766657
INTC,2024-04-03,2024-04-03,"0,2",2,1,0.2603401020594151,0.0006048510485319
GE,2024-07-23,2024-07-24,"0,1",2,2,0.2607020001587105,0.0005280968192285
ABT,2023-10-18,2023-10-18,"1,2",2,1,0.27684862221263196,0.0008032326471645
PHM,2024-01-23,2024-01-23,"0,2",2,1,0.27968578500564634,0.0006009858997761
A,2024-09-26,2024-09-26,"0,1",2,1,0.2848797381819043,0.0006168407203707
AVGO,2023-03-03,2023-03-03,"0,1",2,1,0.2932785325597737,0.0006238364904198
ALLE,2023-12-14,2023-12-14,"0,1",2,1,0.3018353605964129,0.0009342692583838
PG,2024-04-03,2024-04-03,"0,2",2,1,0.30485383324891496,0.0012275193531119
MO,2024-08-05,2024-08-05,"0,2",2,1,0.3191001680613952,0.0008784431924141
CVS,2023-02-08,2023-02-08,"0,1",2,1,0.3222407455130568,0.0008515329503167
PG,2024-11-06,2024-11-06,"0,2",2,1,0.34199469427418905,0.0007668461539172
MO,2023-02-01,2023-02-01,"1,2",2,1,0.3498868783341041,0.0015374480705456
ABNB,2023-10-03,2023-10-03,"0,2",2,1,0.35810279219049934,0.0017210627622262
ROST,2024-11-25,2024-11-25,"0,1",2,1,0.37016741885926685,0.0011745510925538
CSCO,2023-04-19,2023-04-19,"0,2",2,1,0.38292933256570766,0.001107411667787
MSFT,2023-10-26,2023-10-26,"1,2",2,1,0.39796141532723744,0.0013198912648173
TMO,2023-04-25,2023-04-25,"1,2",2,1,0.4008243919776089,0.0012114500183088
INTU,2023-10-25,2023-10-25,"0,2",2,1,0.41889456268245123,0.0017094050582575
MCD,2024-02-05,2024-02-05,"0,1",2,1,0.42570592438783694,0.0008934158984629
ABT,2023-07-20,2023-07-20,"0,1",2,1,0.4350350899056291,0.0017792159511676
APTV,2023-12-14,2023-12-14,"0,1",2,1,0.4611632681691642,0.0011816193967812
GE,2024-09-03,2024-09-03,"0,2",2,1,0.46598008697955967,0.0023759212241808
COP,2024-10-31,2024-10-31,"1,2",2,1,0.5005435705228767,0.0021644840216183
C,2024-11-06,2024-11-06,"1,2",2,1,0.5149662937608968,0.0020803015987008
GS,2024-08-02,2024-08-02,"0,1",2,1,0.5252411944041906,0.0013109992762717
LOW,2024-11-19,2024-11-19,"0,2",2,1,0.5318972023022226,0.0025385212803516
NFLX,2023-03-23,2023-03-23,"1,2",2,1,0.5495984210593365,0.0020100898053507
AMD,2023-02-01,2023-02-01,"0,1",2,1,0.5727737948954104,0.0019115278964385
MHK,2023-10-12,2023-10-12,"0,1",2,1,0.5771388301196806,0.0026723502580959
AXP,2024-11-06,2024-11-06,"1,2",2,1,0.5907659805973071,0.0023720312425499
A,2023-04-25,2023-04-25,"0,2",2,1,0.5908894476372968,0.002614643784788
AMD,2024-02-22,2024-02-22,"1,2",2,1,0.5913044132029479,0.0020667970423043
DIS,2024-08-07,2024-08-07,"0,2",2,1,0.6101052242890416,0.0026154045442429
V,2023-09-14,2023-09-14,"0,1",2,1,0.61024479230964,0.0026226471498375
AFL,2024-10-31,2024-10-31,"0,2",2,1,0.6521112304440981,0.0013325267278733
CVS,2024-10-18,2024-10-18,"0,1",2,1,0.6722182773793723,0.0013525448899314
ACN,2023-09-28,2023-09-28,"0,2",2,1,0.676061890743513,0.0016263291370705
APTV,2023-02-14,2023-02-14,"0,1",2,1,0.6764181901665562,0.0024362445025568
JNJ,2024-05-01,2024-05-01,"1,2",2,1,0.6814690750430348,0.0020452410681173
AAPL,2024-05-03,2024-05-03,"1,2",2,1,0.6938279973610114,0.0022288470602385
DE,2023-08-18,2023-08-18,"0,2",2,1,0.6943694608393597,0.0020737377670836
DUK,2024-10-07,2024-10-07,"0,2",2,1,0.6971613280589815,0.0015698100430502
UNH,2024-07-16,2024-07-16,"0,1",2,1,0.7133267576180575,0.0014843004282738
DLTR,2024-08-29,2024-08-29,"0,1",2,1,0.7213266499578947,0.002251869723841
ABT,2024-07-18,2024-07-18,"0,2",2,1,0.7400757125250879,0.0022101245878729
TSLA,2024-04-24,2024-04-24,"0,1",2,1,0.7603309697827894,0.0014723196004827
GE,2024-04-23,2024-04-23,"1,2",2,1,0.7981540572783529,0.0023412331046226
HD,2023-02-21,2023-02-21,"0,1",2,1,0.8370111805118359,0.0026334827288177
GOOGL,2024-07-24,2024-07-24,"1,2",2,1,0.8405690761390749,0.0024119846855076
LOW,2024-06-25,2024-06-25,"0,1",2,1,0.857917217057921,0.002223638400513
UNH,2023-11-30,2023-11-30,"0,2",2,1,0.9314958772073048,0.002451150276344
LW,2024-12-19,2024-12-19,1,1,1,0.00012457377060210513,3.3327373838432095e-07
BLDR,2024-05-07,2024-05-07,1,1,1,0.0002646308136241081,7.079700656239159e-07
DIS,2024-02-08,2024-02-08,1,1,1,0.0006736321955612964,1.80217648567312e-06
TGT,2024-11-20,2024-11-20,1,1,1,0.0006912794340519615,1.84938835953322e-06
ORCL,2024-06-12,2024-06-12,1,1,1,0.001446739108932742,3.870478905554364e-06
APTV,2024-10-31,2024-10-31,1,1,1,0.0015685104560047266,4.196255285851944e-06
MMM,2024-07-26,2024-07-26,1,1,1,0.0016424202273742964,4.393987004884062e-06
AOS,2023-01-31,2023-01-31,1,1,1,0.0016657471627894204,4.4563938416786185e-06
ORCL,2024-09-10,2024-09-10,1,1,1,0.0017451130391855456,4.668722345494795e-06
LW,2024-04-04,2024-04-04,1,1,1,0.0018538196855675485,4.959546571588665e-06
LW,2023-01-05,2023-01-05,1,1,1,0.0018616785168572927,4.980571399452553e-06
NFLX,2023-10-19,2023-10-19,1,1,1,0.0028904340147646907,7.732813617167267e-06
GS,2024-11-06,2024-11-06,1,1,1,0.0029944020209325237,8.010960500900852e-06
EL,2024-10-31,2024-10-31,1,1,1,0.0030771966923540898,8.232462102157678e-06
LULU,2024-12-06,2024-12-06,1,1,1,0.0031538937851176346,8.437650776346237e-06
TGT,2023-11-15,2023-11-15,1,1,1,0.003538965175351199,9.467836995706118e-06
PLTR,2024-02-06,2024-02-06,1,1,1,0.003585299525719019,9.591795852278058e-06
EXPE,2023-11-03,2023-11-03,1,1,1,0.005804344217630261,1.5528433368672268e-05
META,2023-02-02,2023-02-02,1,1,1,0.005985021561966377,1.6011801686876094e-05
ADBE,2024-06-14,2024-06-14,1,1,1,0.00730623625016628,1.9546463568076435e-05
MHK,2024-07-26,2024-07-26,1,1,1,0.009223874881759797,2.467674574972989e-05
CMG,2023-04-26,2023-04-26,1,1,1,0.010146341103860618,2.714463096253894e-05
LULU,2023-06-02,2023-06-02,1,1,1,0.010333419334922475,2.7645123651609534e-05
PLTR,2023-11-02,2023-11-02,1,1,1,0.011037974363410362,2.9530028371974973e-05
PLTR,2023-05-09,2023-05-09,1,1,1,0.012463145973128633,3.3342807482010056e-05
AVGO,2024-12-13,2024-12-13,1,1,1,0.01285871659192297,3.440108241647977e-05
CRM,2023-03-02,2023-03-02,1,1,1,0.012998278897388998,3.4774455166259985e-05
EXPE,2023-08-03,2023-08-03,1,1,1,0.01896168865512718,5.072843852786946e-05
BBY,2024-08-29,2024-08-29,1,1,1,0.019906221864560397,5.3255359822893904e-05
AXP,2023-01-27,2023-01-27,1,1,1,0.026729742701177495,7.151040891686635e-05
MU,2024-03-21,2024-03-21,1,1,1,0.03399462747837996,9.094624438148458e-05
PLTR,2023-02-14,2023-02-14,1,1,1,0.03653102373397105,9.773189643359122e-05
FDX,2024-09-20,2024-09-20,1,1,1,0.04047923442427453,0.0001082945929814
WFC,2024-11-06,2024-11-06,1,1,1,0.04583442659831016,0.0001226214043718
APD,2024-10-07,2024-10-07,1,1,1,0.04962563476356665,0.0001327640701362
TGT,2024-08-21,2024-08-21,1,1,1,0.05352163043519734,0.0001431870752033
LULU,2023-03-29,2023-03-29,1,1,1,0.06097949063147337,0.0001631391801765
ABNB,2024-08-07,2024-08-07,1,1,1,0.07055158334723355,0.000188747517374
GOOGL,2024-08-05,2024-08-05,1,1,1,0.07231348638541246,0.00019346115821
EL,2024-02-05,2024-02-05,1,1,1,0.07605313654262676,0.0002034658902023
APD,2024-07-22,2024-07-22,0,1,1,0.08244074819977695,0.00012497271836
ORCL,2024-03-12,2024-03-12,1,1,1,0.08582607203618627,0.0002296115445498
AAPL,2023-05-05,2023-05-05,2,1,1,0.08869776064667644,0.0002491281197762
HON,2023-04-27,2023-04-27,0,1,1,0.09195369568002866,0.0001393934863926
EL,2024-09-26,2024-09-26,1,1,1,0.09341713106163398,0.0002499199979865
META,2023-04-27,2023-04-27,1,1,1,0.11010872436917717,0.0002945752225519
AMD,2024-08-01,2024-08-01,1,1,1,0.14024113275317188,0.0003751888247582
ISRG,2023-04-19,2023-04-19,1,1,1,0.14247611034413502,0.0003811680877551
PHM,2023-07-25,2023-07-25,1,1,1,0.15801814186835936,0.0004227478755638
GS,2023-12-14,2023-12-14,1,1,1,0.1593851638436073,0.0004264050862426
BAC,2023-12-14,2023-12-14,1,1,1,0.16376507273859753,0.0004381227102991
TSLA,2024-11-06,2024-11-06,2,1,1,0.1666182253318406,0.0004679857179565
ADBE,2023-05-03,2023-05-03,0,1,1,0.1700784327940861,0.0002578235222851
RCL,2024-02-22,2024-02-22,1,1,1,0.1911471989388971,0.0005113784488031
LULU,2024-03-22,2024-03-22,1,1,1,0.19721347914755175,0.0005276076427454
AAPL,2023-08-04,2023-08-04,0,1,1,0.200769554624125,0.0003043484872857
GOOG,2024-08-05,2024-08-05,1,1,1,0.21433907840648947,0.0005734239687626
NVDA,2024-02-22,2024-02-22,1,1,1,0.22105282677738125,0.0005913853422309
MA,2024-02-20,2024-02-20,0,1,1,0.24792443198389874,0.0003758310166934
MMM,2023-09-13,2023-09-13,0,1,1,0.27094570875169577,0.0004107291902376
ABBV,2024-11-11,2024-11-11,1,1,1,0.2751717484574694,0.000736170358037
PHM,2023-12-14,2023-12-14,1,1,1,0.29651091090272713,0.0007932592813934
MRK,2024-03-27,2024-03-27,2,1,1,0.2999330024345227,0.0008424310197976
TMO,2024-01-31,2024-01-31,0,1,1,0.30447665459079537,0.0004615590716033
APD,2024-02-05,2024-02-05,1,1,1,0.3131412645750088,0.0008377506708105
BAC,2023-03-09,2023-03-09,2,1,1,0.3189983728957021,0.0008959805103507
ALLE,2024-10-24,2024-10-24,1,1,1,0.32257026214340373,0.0008629761838029
ACN,2024-09-17,2024-09-17,0,1,1,0.3268165678018848,0.0004954243596178
LULU,2023-09-01,2023-09-01,1,1,1,0.33040499488837416,0.000883936540534
EMR,2024-02-07,2024-02-07,1,1,1,0.35005022290935656,0.0009364936603219
GILD,2023-07-24,2023-07-24,0,1,1,0.3525666246997402,0.0005344591170493
CSCO,2023-08-17,2023-08-17,1,1,1,0.3773898207475627,0.0010096356221765
ABT,2023-10-11,2023-10-11,0,1,1,0.3779193746216746,0.0005728915930376
PLTR,2023-05-18,2023-05-18,0,1,1,0.3958685138421437,0.0006001008647823
KVUE,2024-02-08,2024-02-08,0,1,1,0.4028246388033416,0.0006106457211141
AKAM,2024-11-08,2024-11-08,1,1,1,0.40721193256237165,0.0010894190841605
GM,2024-11-26,2024-11-26,0,1,1,0.4097685898676379,0.0006211721229192
BAC,2023-03-13,2023-03-13,1,1,1,0.4153463585769798,0.0011111812139764
UNH,2023-07-14,2023-07-14,2,1,1,0.42832614932599306,0.0012030527879687
PM,2023-04-20,2023-04-20,0,1,1,0.42838648796205553,0.0006493951726345
MMM,2023-01-24,2023-01-24,0,1,1,0.43261455255282216,0.0006558045361695
EXPE,2024-05-03,2024-05-03,1,1,1,0.4374324489655582,0.0011702684028326
CSCO,2023-02-16,2023-02-16,1,1,1,0.44062422662852174,0.0011788074048126
ROST,2023-08-18,2023-08-18,1,1,1,0.45491114381677616,0.0012170293698242
MCD,2024-03-13,2024-03-13,0,1,1,0.461232785738808,0.000699187189457
ALGN,2023-07-27,2023-07-27,1,1,1,0.4648372094942424,0.0012435846952333
BBY,2023-12-14,2023-12-14,1,1,1,0.468630832266364,0.0012537338208251
LULU,2024-01-31,2024-01-31,0,1,1,0.47300307973263894,0.0007170298906506
CVS,2024-05-01,2024-05-01,1,1,1,0.4735683931530063,0.0012669433381034
AOS,2024-10-11,2024-10-11,0,1,1,0.4811724706981442,0.0007294139485176
PLTR,2024-08-06,2024-08-06,2,1,1,0.49079637357495415,0.0013785148221359
AVGO,2023-12-11,2023-12-11,1,1,1,0.4932760735909217,0.0013196675376093
LOW,2023-12-14,2023-12-14,1,1,1,0.49347755166442536,0.0013202065543737
WMT,2024-02-20,2024-02-20,2,1,1,0.49773693006928615,0.001398008975957
BBY,2023-08-22,2023-08-22,0,1,1,0.5097841724163176,0.0007727867006906
RTX,2023-09-11,2023-09-11,2,1,1,0.5241631587488584,0.0014722331346699
LULU,2023-01-09,2023-01-09,0,1,1,0.5250008728020503,0.0007958538422826
ALLE,2023-04-26,2023-04-26,1,1,1,0.529785710642524,0.0014173422179889
AMD,2023-12-07,2023-12-07,1,1,1,0.5374406318676903,0.0014378215227528
TSLA,2023-10-19,2023-10-19,0,1,1,0.5425831796466061,0.0008225070293216
EL,2023-11-01,2023-11-02,1,1,2,0.5623325183110935,0.0015044150922525
ABBV,2024-04-04,2024-04-04,0,1,1,0.5780625223953348,0.00087629050419
ARE,2023-11-14,2023-11-14,1,1,1,0.5830350273313338,0.0015598007688822
TMO,2024-11-15,2024-11-15,0,1,1,0.5833111683427648,0.0008842469767607
CLX,2023-10-05,2023-10-05,0,1,1,0.5838102557129348,0.0008850035480766
DE,2024-02-15,2024-02-15,0,1,1,0.5884563021295075,0.0008920465342574
PLTR,2024-08-08,2024-08-08,1,1,1,0.6311799481268492,0.001688603466755
MU,2023-12-21,2023-12-21,1,1,1,0.6337812056672424,0.0016955626429989
UNH,2024-01-25,2024-01-25,0,1,1,0.6460159862847227,0.0009793018097601
LLY,2023-05-03,2023-05-03,1,1,1,0.648283149220412,0.0017343598706853
CPB,2024-12-04,2024-12-04,0,1,1,0.6490389722433211,0.0009838843830756
ARE,2024-07-11,2024-07-11,0,1,1,0.6681795488613884,0.0010128997661619
CPB,2023-12-06,2023-12-06,1,1,1,0.6769003054051158,0.001810919700074
COST,2023-05-26,2023-05-26,0,1,1,0.6787260761844368,0.0010288873477596
AFL,2024-02-01,2024-02-01,1,1,1,0.6804973957948942,0.0018205430401697
TGT,2024-03-05,2024-03-05,1,1,1,0.6864378948828221,0.001836435730335
GM,2023-08-10,2023-08-10,0,1,1,0.7013840131803242,0.0010632347310699
LIN,2023-12-12,2023-12-13,1,1,2,0.7120521719885093,0.0019049619204452
MAR,2024-02-13,2024-02-13,2,1,1,0.714656383790765,0.0020072772963127
LLY,2024-02-05,2024-02-05,1,1,1,0.7205256208684241,0.0019276310422962
AAPL,2024-06-11,2024-06-11,1,1,1,0.7244529604033471,0.0019381379019857
STZ,2023-07-19,2023-07-19,2,1,1,0.7252448185301215,0.0020370173576035
LLY,2024-07-18,2024-07-18,0,1,1,0.7387056389530618,0.0011198109403873
DE,2023-02-17,2023-02-17,1,1,1,0.7493464231572728,0.0020047356886083
WFC,2024-07-12,2024-07-12,2,1,1,0.7612355822938607,0.0021381057192532
TGT,2024-05-22,2024-05-22,0,1,1,0.7718897197757734,0.0011701150057585
APD,2023-02-02,2023-02-02,0,1,1,0.7872309407888144,0.0011933709093599
CLX,2023-05-03,2023-05-03,0,1,1,0.7885326766099936,0.0011953442231363
CRM,2024-04-15,2024-04-15,2,1,1,0.7919646416595321,0.0022244153704377
BMY,2023-10-26,2023-10-26,0,1,1,0.7969080172447681,0.0012080404820759
INTU,2024-11-22,2024-11-22,0,1,1,0.8030529725284683,0.0012173556785385
ABT,2024-03-15,2024-03-15,1,1,1,0.8230017161906316,0.0022017865986223
PHM,2024-10-22,2024-10-22,2,1,1,0.8230220422251012,0.0023116472436172
CL,2023-01-27,2023-01-27,2,1,1,0.8238704374229673,0.002314030157221
AXP,2024-08-02,2024-08-02,1,1,1,0.838320694329898,0.0022427696489709
META,2024-10-31,2024-10-31,1,1,1,0.8396303992688179,0.0022462735186785
COP,2023-04-03,2023-04-03,2,1,1,0.8490342369313629,0.0023847084924151
ABNB,2024-05-09,2024-05-09,0,1,1,0.867353128960416,0.0013148289004069
MSFT,2023-04-26,2023-04-26,1,1,1,0.8711343913696885,0.002330556535647
CCL,2024-06-25,2024-06-25,2,1,1,0.8816865198422751,0.0024764199605366
PG,2024-07-30,2024-07-30,0,1,1,0.8997001485930847,0.0013638640567175
LW,2023-10-12,2023-10-12,0,1,1,0.9254002929616717,0.0014028231512687
AXP,2024-04-19,2024-04-19,2,1,1,0.9401345268956384,0.0026405846699465
AMZN,2023-10-27,2023-10-27,1,1,1,0.9567685711927515,0.0025596547086024
GM,2024-10-22,2024-10-22,0,1,1,0.970063995432766,0.0014705292848461
APTV,2024-06-26,2024-06-26,2,1,1,0.979178123695699,0.0027502476173443
LIN,2023-02-24,2023-02-24,1,1,1,0.9844331128621016,0.0026336659966791
