seed,ticker,start,end,days,peak_date,max_score,threshold,score_ratio,under_threshold
0,PM,2024-11-06,2024-11-06,1,2024-11-06,1.9992112823418117e-05,0.0015159095603688145,0.01318819627904063,0.0014959174475453964
0,UNH,2024-11-06,2024-11-06,1,2024-11-06,2.3607577687519216e-05,0.0015159095603688145,0.01557320984358433,0.0014923019826812952
0,COST,2023-11-16,2023-11-16,1,2023-11-16,3.0526099881929745e-05,0.0015159095603688145,0.020137151107156335,0.0014853834604868848
0,IBM,2023-09-26,2023-09-26,1,2023-09-26,3.694419572942328e-05,0.0015159095603688145,0.024370976142161747,0.0014789653646393912
0,CVX,2023-10-23,2023-10-23,1,2023-10-23,3.7417107220486895e-05,0.0015159095603688145,0.02468294164685093,0.0014784924531483275
0,ALL,2023-01-19,2023-01-19,1,2023-01-19,4.4822584451746174e-05,0.0015159095603688145,0.02956811252040724,0.0014710869759170682
0,GS,2023-11-03,2023-11-03,1,2023-11-03,4.576182388215481e-05,0.0015159095603688145,0.030187700558482626,0.0014701477364866596
0,COF,2024-06-11,2024-06-11,1,2024-06-11,5.057492585365253e-05,0.0015159095603688145,0.03336275934650604,0.001465334634515162
0,PM,2023-09-28,2023-09-28,1,2023-09-28,5.095290819099318e-05,0.0015159095603688145,0.03361210294009661,0.0014649566521778212
0,JNJ,2024-07-17,2024-07-17,1,2024-07-17,5.330585130802016e-05,0.0015159095603688145,0.03516426883345934,0.0014626037090607943
0,CSCO,2024-04-09,2024-04-09,1,2024-04-09,6.478393703825228e-05,0.0015159095603688145,0.0427360171951753,0.0014511256233305622
0,MA,2024-11-06,2024-11-06,1,2024-11-06,6.490395151702519e-05,0.0015159095603688145,0.04281518714166189,0.0014510056088517893
0,UNH,2023-12-14,2023-12-14,1,2023-12-14,6.517921054864928e-05,0.0015159095603688145,0.04299676725621511,0.0014507303498201651
0,AVGO,2023-05-02,2023-05-02,1,2023-05-02,6.660857793197769e-05,0.0015159095603688145,0.04393967798169444,0.0014493009824368367
0,DE,2024-11-08,2024-11-08,1,2024-11-08,6.696095222954075e-05,0.0015159095603688145,0.044172128720693225,0.0014489486081392738
0,CVX,2023-01-26,2023-01-26,1,2023-01-26,7.425261922916808e-05,0.0015159095603688145,0.04898222240323013,0.0014416569411396464
0,DHR,2023-07-27,2023-07-27,1,2023-07-27,7.552181918981659e-05,0.0015159095603688145,0.049819475491296755,0.001440387741178998
0,LNT,2024-11-11,2024-11-11,1,2024-11-11,7.900024247646798e-05,0.0015159095603688145,0.052114086843840175,0.0014369093178923464
0,LOW,2024-11-25,2024-11-25,1,2024-11-25,7.91612416105636e-05,0.0015159095603688145,0.05222029313628974,0.001436748318758251
0,TMUS,2024-05-31,2024-05-31,1,2024-05-31,7.941330853403391e-05,0.0015159095603688145,0.05238657411377034,0.0014364962518347805
0,COST,2024-11-08,2024-11-08,1,2024-11-08,7.988436345840455e-05,0.0015159095603688145,0.05269731489718227,0.00143602519691041
0,MA,2024-07-31,2024-07-31,1,2024-07-31,8.235377973733193e-05,0.0015159095603688145,0.054326314636669745,0.0014335557806314826
0,WFC,2023-03-07,2023-03-07,1,2023-03-07,8.376212533469449e-05,0.0015159095603688145,0.05525535792142871,0.00143214743503412
0,MMM,2024-10-28,2024-10-28,1,2024-10-28,8.73182204991786e-05,0.0015159095603688145,0.05760120707856374,0.0014285913398696358
0,MCD,2024-07-29,2024-07-29,1,2024-07-29,9.073589637864644e-05,0.0015159095603688145,0.0598557451914023,0.001425173663990168
0,TMUS,2024-06-12,2024-06-12,1,2024-06-12,9.228337068520888e-05,0.0015159095603688145,0.060876567506280996,0.0014236261896836055
0,XOM,2024-04-26,2024-04-26,1,2024-04-26,9.233847936987636e-05,0.0015159095603688145,0.060912921050125704,0.001423571080998938
0,AOS,2023-06-02,2023-06-02,1,2023-06-02,0.0001014409173497,0.0015159095603688145,0.06691752595387013,0.0014144686430191144
0,MRK,2023-01-09,2023-01-09,1,2023-01-09,0.0001062929775798,0.0015159095603688145,0.07011828433481175,0.0014096165827890144
0,ALLE,2023-10-18,2023-10-18,1,2023-10-18,0.0001077710810629,0.0015159095603688145,0.07109334480130843,0.0014081384793059144
0,LW,2024-11-15,2024-11-15,1,2024-11-15,0.0001121157956731,0.0015159095603688145,0.0739594225171472,0.0014037937646957145
0,CVX,2023-10-11,2023-10-11,1,2023-10-11,0.0001139991542875,0.0015159095603688145,0.07520181762015175,0.0014019104060813145
0,GOOG,2024-11-21,2024-11-21,1,2024-11-21,0.0001141082141623,0.0015159095603688145,0.07527376114346686,0.0014018013462065145
0,MA,2024-07-10,2024-07-10,1,2024-07-10,0.0001160822297454,0.0015159095603688145,0.07657595992544415,0.0013998273306234145
0,RTX,2024-11-14,2024-11-14,1,2024-11-14,0.0001162717302349,0.0015159095603688145,0.07670096770589109,0.0013996378301339145
0,LIN,2023-07-05,2023-07-05,1,2023-07-05,0.0001163854083245,0.0015159095603688145,0.07677595772678149,0.0013995241520443145
0,JNJ,2023-01-09,2023-01-09,1,2023-01-09,0.0001169459341326,0.0015159095603688145,0.07714571976454027,0.0013989636262362144
0,CMCSA,2024-11-06,2024-11-06,1,2024-11-06,0.0001219022895288,0.0015159095603688145,0.08041527853359648,0.0013940072708400145
0,ALL,2023-07-20,2023-07-20,1,2023-07-20,0.0001227302972708,0.0015159095603688145,0.08096149036815906,0.0013931792630980145
0,LMT,2024-10-01,2024-10-01,1,2024-10-01,0.0001239477700134,0.0015159095603688145,0.08176462056433237,0.0013919617903554145
0,APD,2024-07-22,2024-07-22,1,2024-07-22,0.00012497271836,0.0015159095603688145,0.08244074819977695,0.0013909368420088144
0,ALL,2023-12-14,2023-12-14,1,2023-12-14,0.0001253054802721,0.0015159095603688145,0.08266026123722955,0.0013906040800967146
0,EMR,2023-02-08,2023-02-08,1,2023-02-08,0.0001260587704074,0.0015159095603688145,0.08315718411112233,0.0013898507899614144
0,BKNG,2024-07-25,2024-07-25,1,2024-07-25,0.0001300870707818,0.0015159095603688145,0.08581453286048961,0.0013858224895870145
0,GE,2024-09-03,2024-09-03,1,2024-09-03,0.0001304508271156,0.0015159095603688145,0.08605449198688467,0.0013854587332532144
0,C,2024-01-30,2024-01-30,1,2024-01-30,0.0001343491402167,0.0015159095603688145,0.08862609203679236,0.0013815604201521145
0,PG,2024-08-01,2024-08-01,1,2024-08-01,0.0001356203500108,0.0015159095603688145,0.0894646709516128,0.0013802892103580145
0,ARE,2024-07-24,2024-07-24,1,2024-07-24,0.0001357615835634,0.0015159095603688145,0.0895578384836954,0.0013801479768054145
0,CVX,2024-06-03,2024-06-03,1,2024-06-03,0.0001361286047237,0.0015159095603688145,0.08979995131805915,0.0013797809556451144
0,PM,2024-04-23,2024-04-23,1,2024-04-23,0.0001384844458167,0.0015159095603688145,0.09135402891911791,0.0013774251145521146
0,HON,2023-04-27,2023-04-27,1,2023-04-27,0.0001393934863926,0.0015159095603688145,0.09195369568002866,0.0013765160739762144
0,AFL,2023-12-14,2023-12-14,1,2023-12-14,0.0001418702657247,0.0015159095603688145,0.0935875526045126,0.0013740392946441145
0,UNH,2023-04-03,2023-04-03,1,2023-04-03,0.0001430463083655,0.0015159095603688145,0.0943633526070628,0.0013728632520033145
0,ABNB,2023-10-03,2023-10-03,1,2023-10-03,0.000156822265914,0.0015159095603688145,0.1034509379806575,0.0013590872944548144
0,UNH,2024-12-05,2024-12-05,1,2024-12-05,0.0001568650922207,0.0015159095603688145,0.10347918920871202,0.0013590444681481145
0,JNJ,2023-07-31,2023-07-31,1,2023-07-31,0.0001609223138681,0.0015159095603688145,0.10615561645310045,0.0013549872465007146
0,PG,2024-11-08,2024-11-08,1,2024-11-08,0.0001648588308348,0.0015159095603688145,0.10875241844552425,0.0013510507295340145
0,UNH,2024-01-12,2024-01-12,1,2024-01-12,0.0001663336257782,0.0015159095603688145,0.10972529636776729,0.0013495759345906145
0,BMY,2024-10-31,2024-10-31,1,2024-10-31,0.0001685970247698,0.0015159095603688145,0.1112183926914354,0.0013473125355990144
0,LW,2024-12-13,2024-12-13,1,2024-12-13,0.0001746395673762,0.0015159095603688145,0.11520447653467594,0.0013412699929926145
0,ALLE,2023-12-08,2023-12-08,1,2023-12-08,0.0001762036743987,0.0015159095603688145,0.11623627095262225,0.0013397058859701144
0,LEN,2024-11-25,2024-11-25,1,2024-11-25,0.0001779562084084,0.0015159095603688145,0.11739236499379553,0.0013379533519604144
0,JPM,2024-08-02,2024-08-02,1,2024-08-02,0.000182261424167,0.0015159095603688145,0.12023238650375459,0.0013336481362018144
0,GOOGL,2024-11-21,2024-11-21,1,2024-11-21,0.0001835212302399,0.0015159095603688145,0.12106344272626003,0.0013323883301289145
0,ACN,2024-10-30,2024-10-30,1,2024-10-30,0.0001907694183268,0.0015159095603688145,0.12584485467615006,0.0013251401420420145
0,ALL,2024-07-18,2024-07-18,1,2024-07-18,0.000191535621343,0.0015159095603688145,0.1263502957896777,0.0013243739390258144
0,INTC,2024-07-08,2024-07-08,1,2024-07-08,0.0001935937657435,0.0015159095603688145,0.12770799182531672,0.0013223157946253145
0,LIN,2023-02-07,2023-02-07,1,2023-02-07,0.0002083082261378,0.0015159095603688145,0.13741467933424703,0.0013076013342310144
0,MRK,2024-02-01,2024-02-01,1,2024-02-01,0.0002089342373589,0.0015159095603688145,0.13782764013182106,0.0013069753230099145
0,ISRG,2023-10-11,2023-10-11,1,2023-10-11,0.0002092629698987,0.0015159095603688145,0.13804449511340716,0.0013066465904701145
0,RCL,2024-08-02,2024-08-02,1,2024-08-02,0.0002134808979159,0.0015159095603688145,0.1408269355224338,0.0013024286624529146
0,JNJ,2023-04-05,2023-04-05,1,2023-04-05,0.0002182285024294,0.0015159095603688145,0.14395878760491881,0.0012976810579394145
0,MO,2024-07-31,2024-07-31,1,2024-07-31,0.0002196676705504,0.0015159095603688145,0.14490816358263206,0.0012962418898184145
0,MRK,2023-03-06,2023-03-06,1,2023-03-06,0.0002239885598523,0.0015159095603688145,0.14775852445828266,0.0012919210005165145
0,DHR,2024-10-22,2024-10-22,1,2024-10-22,0.0002253850128612,0.0015159095603688145,0.1486797225596788,0.0012905245475076145
0,MHK,2023-10-12,2023-10-12,1,2023-10-12,0.0002355493482355,0.0015159095603688145,0.15538482927582556,0.0012803602121333145
0,CVX,2023-05-02,2023-05-02,1,2023-05-02,0.0002368072743593,0.0015159095603688145,0.15621464535238222,0.0012791022860095145
0,DHI,2024-07-11,2024-07-11,1,2024-07-11,0.0002374903947687,0.0015159095603688145,0.15666527936595345,0.0012784191656001144
0,LOW,2024-11-19,2024-11-19,1,2024-11-19,0.0002425421693699,0.0015159095603688145,0.1599977833182149,0.0012733673909989145
0,AAPL,2024-03-21,2024-03-21,1,2024-03-21,0.0002526803297466,0.0015159095603688145,0.1666856231747255,0.0012632292306222145
0,MRK,2023-08-23,2023-08-23,1,2023-08-23,0.0002538705780504,0.0015159095603688145,0.16747079422642755,0.0012620389823184146
0,INTU,2024-11-06,2024-11-06,1,2024-11-06,0.0002569067302925,0.0015159095603688145,0.16947365265642608,0.0012590028300763145
0,ADBE,2023-05-03,2023-05-03,1,2023-05-03,0.0002578235222851,0.0015159095603688145,0.1700784327940861,0.0012580860380837144
0,CSCO,2023-09-21,2023-09-21,1,2023-09-21,0.0002583944638293,0.0015159095603688145,0.17045506578006786,0.0012575150965395145
0,CPB,2023-10-13,2023-10-13,1,2023-10-13,0.0002588843074287,0.0015159095603688145,0.17077820088799658,0.0012570252529401145
0,PG,2024-04-03,2024-04-03,1,2024-04-03,0.0002617530430143,0.0015159095603688145,0.17267061957879373,0.0012541565173545145
0,LULU,2024-11-01,2024-11-01,1,2024-11-01,0.0002619330137726,0.0015159095603688145,0.17278934088183517,0.0012539765465962144
0,LMT,2023-09-06,2023-09-06,1,2023-09-06,0.0002639783309859,0.0015159095603688145,0.17413857520739903,0.0012519312293829145
0,TMUS,2023-04-28,2023-04-28,1,2023-04-28,0.0002674380975804,0.0015159095603688145,0.17642087930056552,0.0012484714627884145
0,DE,2023-04-05,2023-04-05,1,2023-04-05,0.0002878448794641,0.0015159095603688145,0.18988262030227485,0.0012280646809047144
0,WFC,2023-03-09,2023-03-09,1,2023-03-09,0.000296085430423,0.0015159095603688145,0.19531866422886313,0.0012198241299458145
0,ALB,2024-08-15,2024-08-15,1,2024-08-15,0.0002970242894662,0.0015159095603688145,0.19593800133692357,0.0012188852709026144
0,AAPL,2023-08-04,2023-08-04,1,2023-08-04,0.0003043484872857,0.0015159095603688145,0.200769554624125,0.0012115610730831145
0,ABT,2023-07-20,2023-07-20,1,2023-07-20,0.0003107923233756,0.0015159095603688145,0.20502035972382518,0.0012051172369932145
0,PM,2024-08-05,2024-08-05,1,2024-08-05,0.0003153264786305,0.0015159095603688145,0.208011405742294,0.0012005830817383145
0,ALGN,2023-09-07,2023-09-07,1,2023-09-07,0.0003193512086606,0.0015159095603688145,0.2106663992427775,0.0011965583517082145
0,GS,2024-03-21,2024-03-21,1,2024-03-21,0.0003321495566221,0.0015159095603688145,0.21910908493860898,0.0011837600037467146
0,LIN,2024-02-06,2024-02-06,1,2024-02-06,0.0003370246705647,0.0015159095603688145,0.22232505116116777,0.0011788848898041143
0,ORCL,2023-05-25,2023-05-25,1,2023-05-25,0.0003374563869632,0.0015159095603688145,0.22260984150076754,0.0011784531734056144
0,INTU,2023-10-25,2023-10-25,1,2023-10-25,0.0003474237370634,0.0015159095603688145,0.22918500294890498,0.0011684858233054144
0,V,2023-09-14,2023-09-14,1,2023-09-14,0.0003640838606467,0.0015159095603688145,0.240175186017113,0.0011518256997221144
0,JPM,2023-03-15,2023-03-15,1,2023-03-15,0.0003661757671216,0.0015159095603688145,0.24155515387904208,0.0011497337932472144
0,MA,2024-08-05,2024-08-05,1,2024-08-05,0.0003678428385076,0.0015159095603688145,0.24265487079460424,0.0011480667218612146
0,TMUS,2024-03-07,2024-03-07,1,2024-03-07,0.000374599684316,0.0015159095603688145,0.24711215900298264,0.0011413098760528146
0,MA,2024-02-20,2024-02-20,1,2024-02-20,0.0003758310166934,0.0015159095603688145,0.24792443198389874,0.0011400785436754145
0,MO,2024-02-01,2024-02-01,1,2024-02-01,0.0003766784015624,0.0015159095603688145,0.24848342632706646,0.0011392311588064145
0,BLK,2023-11-02,2023-11-02,1,2023-11-02,0.0003802558557557,0.0015159095603688145,0.25084336539389945,0.0011356537046131145
0,A,2023-04-25,2023-04-25,1,2023-04-25,0.0003803116514366,0.0015159095603688145,0.2508801721285218,0.0011355979089322146
0,ALLE,2023-12-14,2023-12-14,1,2023-12-14,0.0003857261487307,0.0015159095603688145,0.2544519533453265,0.0011301834116381145
0,LNT,2024-11-01,2024-11-01,1,2024-11-01,0.0003887533675879,0.0015159095603688145,0.25644891868965974,0.0011271561927809145
0,INTU,2024-05-30,2024-05-30,1,2024-05-30,0.000396015112589,0.0015159095603688145,0.26123927372860634,0.0011198944477798145
0,ADBE,2024-02-16,2024-02-16,1,2024-02-16,0.0003977190652752,0.0015159095603688145,0.26236332013001923,0.0011181904950936144
0,MSFT,2024-01-31,2024-01-31,1,2024-01-31,0.0004011724397666,0.0015159095603688145,0.2646414075447855,0.0011147371206022144
0,MMM,2023-09-13,2023-09-13,1,2023-09-13,0.0004107291902376,0.0015159095603688145,0.27094570875169577,0.0011051803701312144
0,V,2024-03-22,2024-03-22,1,2024-03-22,0.0004190522665642,0.0015159095603688145,0.27643619218434534,0.0010968572938046144
0,DIS,2024-08-07,2024-08-07,1,2024-08-07,0.0004381598184409,0.0015159095603688145,0.2890408701784937,0.0010777497419279145
0,JPM,2023-10-27,2023-10-27,1,2023-10-27,0.0004429050487184,0.0015159095603688145,0.29217115604881005,0.0010730045116504145
0,ROST,2024-11-25,2024-11-25,1,2024-11-25,0.0004567459307145,0.0015159095603688145,0.3013015701301967,0.0010591636296543145
0,TMO,2024-01-31,2024-01-31,1,2024-01-31,0.0004615590716033,0.0015159095603688145,0.30447665459079537,0.0010543504887655145
0,INTC,2024-04-03,2024-04-03,1,2024-04-03,0.0004628578863654,0.0015159095603688145,0.30533344367376947,0.0010530516740034144
0,RCL,2024-08-06,2024-08-06,1,2024-08-06,0.0004776287622613,0.0015159095603688145,0.31507734679441884,0.0010382807981075145
0,PG,2023-10-18,2023-10-18,1,2023-10-18,0.0004832795525241,0.0015159095603688145,0.31880500338458195,0.0010326300078447146
0,EMR,2024-05-08,2024-05-08,1,2024-05-08,0.0004941392903371,0.0015159095603688145,0.3259688462000846,0.0010217702700317144
0,ACN,2024-09-17,2024-09-17,1,2024-09-17,0.0004954243596178,0.0015159095603688145,0.3268165678018848,0.0010204852007510146
0,CRM,2024-11-11,2024-11-11,1,2024-11-11,0.0005000405448039,0.0015159095603688145,0.3298617265018384,0.0010158690155649143
0,AVGO,2023-09-01,2023-09-01,1,2023-09-01,0.0005052646686332,0.0015159095603688145,0.3333079240626144,0.0010106448917356144
0,CL,2023-12-14,2023-12-14,1,2023-12-14,0.000505704532649,0.0015159095603688145,0.3335980891405977,0.0010102050277198144
0,ADBE,2023-05-25,2023-05-25,1,2023-05-25,0.0005184840647416,0.0015159095603688145,0.3420283625729328,0.0009974254956272143
0,MU,2023-04-10,2023-04-10,1,2023-04-10,0.0005234377664843,0.0015159095603688145,0.34529617080648917,0.0009924717938845145
0,PHM,2024-01-23,2024-01-23,1,2024-01-23,0.0005235965703832,0.0015159095603688145,0.3454009289682236,0.0009923129899856145
0,GE,2024-07-23,2024-07-24,2,2024-07-23,0.0005280968192285,0.0015159095603688145,0.34836960794680666,0.0009878127411403145
0,GILD,2023-07-24,2023-07-24,1,2023-07-24,0.0005344591170493,0.0015159095603688145,0.3525666246997402,0.0009814504433195144
0,GE,2024-04-03,2024-04-03,1,2024-04-03,0.0005616821663958,0.0015159095603688145,0.37052485259024626,0.0009542273939730145
0,CSCO,2023-04-19,2023-04-19,1,2023-04-19,0.0005632875613324,0.0015159095603688145,0.37158388340486126,0.0009526219990364144
0,MAR,2024-07-31,2024-07-31,1,2024-07-31,0.0005689530908663,0.0015159095603688145,0.3753212630494105,0.0009469564695025144
0,ABT,2023-10-11,2023-10-11,1,2023-10-11,0.0005728915930376,0.0015159095603688145,0.3779193746216746,0.0009430179673312145
0,PLTR,2023-05-18,2023-05-18,1,2023-05-18,0.0006001008647823,0.0015159095603688145,0.3958685138421437,0.0009158086955865144
0,GILD,2023-11-08,2023-11-08,1,2023-11-08,0.0006052226881668,0.0015159095603688145,0.3992472268725265,0.0009106868722020145
0,KVUE,2024-02-08,2024-02-08,1,2024-02-08,0.0006106457211141,0.0015159095603688145,0.4028246388033416,0.0009052638392547145
0,A,2024-09-26,2024-09-26,1,2024-09-26,0.0006168407203707,0.0015159095603688145,0.4069112937190166,0.0008990688399981145
0,GM,2024-11-26,2024-11-26,1,2024-11-26,0.0006211721229192,0.0015159095603688145,0.4097685898676379,0.0008947374374496145
0,PG,2024-11-06,2024-11-06,1,2024-11-06,0.0006229889120157,0.0015159095603688145,0.4109670710593905,0.0008929206483531144
0,AVGO,2023-03-03,2023-03-03,1,2023-03-03,0.0006238364904198,0.0015159095603688145,0.41152619307185,0.0008920730699490144
0,DE,2023-12-13,2023-12-13,1,2023-12-13,0.0006274891065307,0.0015159095603688145,0.4139357141979067,0.0008884204538381144
0,HD,2024-11-06,2024-11-06,1,2024-11-06,0.000643464285914,0.0015159095603688145,0.4244740601526702,0.0008724452744548145
0,CL,2024-10-25,2024-10-25,1,2024-10-25,0.0006492946202184,0.0015159095603688145,0.42832015655368605,0.0008666149401504145
0,PM,2023-04-20,2023-04-20,1,2023-04-20,0.0006493951726345,0.0015159095603688145,0.42838648796205553,0.0008665143877343145
0,AMD,2023-02-01,2023-02-01,1,2023-02-01,0.0006534193757185,0.0015159095603688145,0.43104113385202597,0.0008624901846503145
0,MMM,2023-01-24,2023-01-24,1,2023-01-24,0.0006558045361695,0.0015159095603688145,0.43261455255282216,0.0008601050241993144
0,INTU,2024-11-19,2024-11-19,1,2024-11-19,0.0006566658251766,0.0015159095603688145,0.4331827190382228,0.0008592437351922145
0,APTV,2023-02-14,2023-02-14,1,2023-02-14,0.0006703307818194,0.0015159095603688145,0.442197080448725,0.0008455787785494144
0,ABNB,2024-02-15,2024-02-15,1,2024-02-15,0.0006855440989359,0.0015159095603688145,0.45223284875194664,0.0008303654614329145
0,BAC,2024-08-02,2024-08-02,1,2024-08-02,0.0006923875058419,0.0015159095603688145,0.4567472387161705,0.0008235220545269145
0,MCD,2024-03-13,2024-03-13,1,2024-03-13,0.000699187189457,0.0015159095603688145,0.461232785738808,0.0008167223709118145
0,CRM,2024-09-19,2024-09-19,1,2024-09-19,0.000708986778909,0.0015159095603688145,0.46769728052675286,0.0008069227814598145
0,GE,2024-03-07,2024-03-07,1,2024-03-07,0.0007092364297326,0.0015159095603688145,0.46786196767572713,0.0008066731306362145
0,DE,2024-08-15,2024-08-15,1,2024-08-15,0.0007130351646386,0.0015159095603688145,0.47036787898159405,0.0008028743957302145
0,LULU,2024-01-31,2024-01-31,1,2024-01-31,0.0007170298906506,0.0015159095603688145,0.47300307973263894,0.0007988796697182144
0,MMM,2023-10-24,2023-10-24,1,2023-10-24,0.000718416257132,0.0015159095603688145,0.4739176240548363,0.0007974933032368145
0,AOS,2024-10-11,2024-10-11,1,2024-10-11,0.0007294139485176,0.0015159095603688145,0.4811724706981442,0.0007864956118512145
0,BBY,2023-08-22,2023-08-22,1,2023-08-22,0.0007727867006906,0.0015159095603688145,0.5097841724163176,0.0007431228596782145
0,LULU,2023-01-09,2023-01-09,1,2023-01-09,0.0007958538422826,0.0015159095603688145,0.5250008728020503,0.0007200557180862144
0,GOOGL,2024-12-10,2024-12-11,2,2024-12-10,0.0007993797470893,0.0015159095603688145,0.5273268062870546,0.0007165298132795145
0,GOOG,2024-12-10,2024-12-11,2,2024-12-10,0.0008212122949771,0.0015159095603688145,0.5417290822925495,0.0006946972653917144
0,TSLA,2023-10-19,2023-10-19,1,2023-10-19,0.0008225070293216,0.0015159095603688145,0.5425831796466061,0.0006934025310472144
0,CMG,2024-04-25,2024-04-25,1,2024-04-25,0.0008346625918723,0.0015159095603688145,0.5506018391158045,0.0006812469684965145
0,CVS,2023-02-08,2023-02-08,1,2023-02-08,0.0008515329503167,0.0015159095603688145,0.5617307078065564,0.0006643766100521145
0,EL,2024-08-13,2024-08-13,1,2024-08-13,0.000872640362589,0.0015159095603688145,0.5756546336291264,0.0006432691977798145
0,ABBV,2024-04-04,2024-04-04,1,2024-04-04,0.00087629050419,0.0015159095603688145,0.5780625223953348,0.0006396190561788144
0,MO,2024-08-05,2024-08-05,1,2024-08-05,0.0008784431924141,0.0015159095603688145,0.5794825861513654,0.0006374663679547145
0,C,2024-08-02,2024-08-02,1,2024-08-02,0.0008800711137155,0.0015159095603688145,0.5805564769321611,0.0006358384466533145
0,TMO,2024-11-15,2024-11-15,1,2024-11-15,0.0008842469767607,0.0015159095603688145,0.5833111683427648,0.0006316625836081145
0,CLX,2023-10-05,2023-10-05,1,2023-10-05,0.0008850035480766,0.0015159095603688145,0.5838102557129348,0.0006309060122922144
0,DE,2024-02-15,2024-02-15,1,2024-02-15,0.0008920465342574,0.0015159095603688145,0.5884563021295075,0.0006238630261114145
0,MCD,2024-02-05,2024-02-05,1,2024-02-05,0.0008934158984629,0.0015159095603688145,0.5893596305610315,0.0006224936619059144
0,TMUS,2024-10-24,2024-10-24,1,2024-10-24,0.0009055501119446,0.0015159095603688145,0.5973642066907233,0.0006103594484242144
0,DLTR,2024-08-29,2024-08-29,1,2024-08-29,0.0009109572079978,0.0015159095603688145,0.600931105531235,0.0006049523523710145
0,STZ,2023-10-05,2023-10-05,1,2023-10-05,0.0009172699541826,0.0015159095603688145,0.6050954345583994,0.0005986396061862145
0,UNH,2024-01-25,2024-01-25,1,2024-01-25,0.0009793018097601,0.0015159095603688145,0.6460159862847227,0.0005366077506087144
0,CPB,2024-12-04,2024-12-04,1,2024-12-04,0.0009838843830756,0.0015159095603688145,0.6490389722433211,0.0005320251772932144
0,UNH,2024-06-28,2024-06-28,1,2024-06-28,0.000985626814266,0.0015159095603688145,0.6501884017580845,0.0005302827461028145
0,DE,2023-08-18,2023-08-18,1,2023-08-18,0.0009859785573401,0.0015159095603688145,0.6504204360979263,0.0005299310030287144
0,DHR,2024-01-30,2024-01-30,1,2024-01-30,0.0009882568707932,0.0015159095603688145,0.6519233710438248,0.0005276526895756145
0,MHK,2023-11-14,2023-11-14,1,2023-11-14,0.0010120185642639,0.0015159095603688145,0.6675982464400319,0.0005038909961049144
0,ARE,2024-07-11,2024-07-11,1,2024-07-11,0.0010128997661619,0.0015159095603688145,0.6681795488613884,0.0005030097942069144
0,COST,2023-05-26,2023-05-26,1,2023-05-26,0.0010288873477596,0.0015159095603688145,0.6787260761844368,0.00048702221260921445
0,ABBV,2024-04-26,2024-04-26,1,2024-04-26,0.0010348214103335,0.0015159095603688145,0.6826405990089094,0.0004810881500353144
0,TMO,2024-07-24,2024-07-24,1,2024-07-24,0.0010402424341009,0.0015159095603688145,0.686216685544099,0.00047566712626791446
0,HD,2023-02-21,2023-02-21,1,2023-02-21,0.0010454587789033,0.0015159095603688145,0.689657751514506,0.00047045078146551456
0,ABT,2024-07-18,2024-07-18,1,2024-07-18,0.0010509418510385,0.0015159095603688145,0.6932747694940391,0.0004649677093303145
0,ABBV,2024-10-30,2024-10-30,1,2024-10-30,0.0010600548919704,0.0015159095603688145,0.6992863688467623,0.0004558546683984144
0,GM,2023-08-10,2023-08-10,1,2023-08-10,0.0010632347310699,0.0015159095603688145,0.7013840131803242,0.0004526748292989144
0,ACN,2023-03-23,2023-03-23,1,2023-03-23,0.0010809512168634,0.0015159095603688145,0.7130710466661409,0.0004349583435054145
0,LLY,2024-07-18,2024-07-18,1,2024-07-18,0.0011198109403873,0.0015159095603688145,0.7387056389530618,0.00039609861998151437
0,GOOGL,2023-02-02,2023-02-02,1,2023-02-02,0.0011282969895877,0.0015159095603688145,0.7443036306949539,0.0003876125707811145
0,TGT,2024-05-22,2024-05-22,1,2024-05-22,0.0011701150057585,0.0015159095603688145,0.7718897197757734,0.00034579455461031445
0,ACN,2023-09-28,2023-09-28,1,2023-09-28,0.0011719457469856,0.0015159095603688145,0.7730974047689696,0.0003439638133832144
0,MO,2024-03-06,2024-03-06,1,2024-03-06,0.0011814161916845,0.0015159095603688145,0.779344772650597,0.00033449336868431436
0,APTV,2023-12-14,2023-12-14,1,2023-12-14,0.0011816193967812,0.0015159095603688145,0.7794788209487359,0.0003342901635876145
0,APD,2023-02-02,2023-02-02,1,2023-02-02,0.0011933709093599,0.0015159095603688145,0.7872309407888144,0.00032253865100891456
0,CLX,2023-05-03,2023-05-03,1,2023-05-03,0.0011953442231363,0.0015159095603688145,0.7885326766099936,0.00032056533723251457
0,BMY,2023-10-26,2023-10-26,1,2023-10-26,0.0012080404820759,0.0015159095603688145,0.7969080172447681,0.00030786907829291436
0,GOOGL,2023-07-26,2023-07-26,1,2023-07-26,0.0012123693183336,0.0015159095603688145,0.7997636204884384,0.0003035402420352145
0,INTU,2024-11-22,2024-11-22,1,2024-11-22,0.0012173556785385,0.0015159095603688145,0.8030529725284683,0.0002985538818303145
0,AES,2024-11-06,2024-11-06,1,2024-11-06,0.0012358765961835,0.0015159095603688145,0.8152706655420897,0.0002800329641853144
0,DUK,2024-10-07,2024-10-07,1,2024-10-07,0.001266419536599,0.0015159095603688145,0.8354189258433633,0.00024949002376981446
0,RCL,2024-11-06,2024-11-06,1,2024-11-06,0.0013030295114707,0.0015159095603688145,0.8595694265254705,0.00021288004889811443
0,GS,2024-08-02,2024-08-02,1,2024-08-02,0.0013109992762717,0.0015159095603688145,0.864826840957939,0.00020491028409711453
0,AOS,2023-10-26,2023-10-26,1,2023-10-26,0.0013115607439734,0.0015159095603688145,0.8651972243346119,0.0002043488163954144
0,ABNB,2024-05-09,2024-05-09,1,2024-05-09,0.0013148289004069,0.0015159095603688145,0.867353128960416,0.0002010806599619145
0,AFL,2024-10-31,2024-10-31,1,2024-10-31,0.0013325267278733,0.0015159095603688145,0.8790278541083294,0.00018338283249551453
0,LOW,2024-06-25,2024-06-25,1,2024-06-25,0.0013410717879499,0.0015159095603688145,0.884664773552601,0.00017483777241891437
0,LW,2023-10-05,2023-10-05,1,2023-10-05,0.0013492754059673,0.0015159095603688145,0.8900764539271241,0.0001666341544015145
0,CVS,2024-10-18,2024-10-18,1,2024-10-18,0.0013525448899314,0.0015159095603688145,0.892233234284987,0.0001633646704374144
0,PG,2024-07-30,2024-07-30,1,2024-07-30,0.0013638640567175,0.0015159095603688145,0.8997001485930847,0.0001520455036513144
0,GOOG,2023-07-26,2023-07-26,1,2023-07-26,0.0013690004670934,0.0015159095603688145,0.90308848422351,0.0001469090932754145
0,LW,2023-10-12,2023-10-12,1,2023-10-12,0.0014028231512687,0.0015159095603688145,0.9254002929616717,0.00011308640910011455
0,CAT,2023-12-14,2023-12-14,1,2023-12-14,0.0014356222038865,0.0015159095603688145,0.9470368427106028,8.028735648231444e-05
0,GM,2024-10-22,2024-10-22,1,2024-10-22,0.0014705292848461,0.0015159095603688145,0.970063995432766,4.538027552271448e-05
0,TSLA,2024-04-24,2024-04-24,1,2024-04-24,0.0014723196004827,0.0015159095603688145,0.9712450128782688,4.3589959886114514e-05
0,UNH,2024-07-16,2024-07-16,1,2024-07-16,0.0014843004282738,0.0015159095603688145,0.9791484050754821,3.160913209501455e-05
0,AES,2024-09-11,2024-09-11,1,2024-09-11,0.0014972026051054,0.0015159095603688145,0.9876595835579642,1.870695526341444e-05
0,UNH,2023-11-30,2023-11-30,1,2023-11-30,0.0015012083737777,0.0015159095603688145,0.9903020688202944,1.4701186591114515e-05
1,LW,2024-12-19,2024-12-19,1,2024-12-19,3.3327373838432095e-07,0.0026753122810163144,0.00012457377060210513,0.00267497900727793
1,BLDR,2024-05-07,2024-05-07,1,2024-05-07,7.079700656239159e-07,0.0026753122810163144,0.0002646308136241081,0.0026746043109506907
1,DIS,2024-02-08,2024-02-08,1,2024-02-08,1.80217648567312e-06,0.0026753122810163144,0.0006736321955612964,0.002673510104530641
1,TGT,2024-11-20,2024-11-20,1,2024-11-20,1.84938835953322e-06,0.0026753122810163144,0.0006912794340519615,0.002673462892656781
1,TSLA,2024-10-24,2024-10-24,1,2024-10-24,3.268428845282696e-06,0.0026753122810163144,0.001221699937041019,0.002672043852171032
1,LLY,2023-08-08,2023-08-08,1,2023-08-08,3.821465643364756e-06,0.0026753122810163144,0.0014284185328499422,0.0026714908153729496
1,ORCL,2024-06-12,2024-06-12,1,2024-06-12,3.870478905554364e-06,0.0026753122810163144,0.001446739108932742,0.00267144180211076
1,APTV,2024-10-31,2024-10-31,1,2024-10-31,4.196255285851944e-06,0.0026753122810163144,0.0015685104560047266,0.0026711160257304623
1,MMM,2024-07-26,2024-07-26,1,2024-07-26,4.393987004884062e-06,0.0026753122810163144,0.0016424202273742964,0.00267091829401143
1,AOS,2023-01-31,2023-01-31,1,2023-01-31,4.4563938416786185e-06,0.0026753122810163144,0.0016657471627894204,0.0026708558871746356
1,ORCL,2024-09-10,2024-09-10,1,2024-09-10,4.668722345494795e-06,0.0026753122810163144,0.0017451130391855456,0.0026706435586708196
1,LW,2024-04-04,2024-04-04,1,2024-04-04,4.959546571588665e-06,0.0026753122810163144,0.0018538196855675485,0.002670352734444726
1,LW,2023-01-05,2023-01-05,1,2023-01-05,4.980571399452553e-06,0.0026753122810163144,0.0018616785168572927,0.002670331709616862
1,NFLX,2023-10-19,2023-10-19,1,2023-10-19,7.732813617167267e-06,0.0026753122810163144,0.0028904340147646907,0.002667579467399147
1,GS,2024-11-06,2024-11-06,1,2024-11-06,8.010960500900852e-06,0.0026753122810163144,0.0029944020209325237,0.0026673013205154136
1,EL,2024-10-31,2024-10-31,1,2024-10-31,8.232462102157678e-06,0.0026753122810163144,0.0030771966923540898,0.0026670798189141567
1,LULU,2024-12-06,2024-12-06,1,2024-12-06,8.437650776346237e-06,0.0026753122810163144,0.0031538937851176346,0.0026668746302399684
1,META,2024-02-02,2024-02-02,1,2024-02-02,8.554036242003349e-06,0.0026753122810163144,0.0031973972917859845,0.002666758244774311
1,TGT,2023-11-15,2023-11-15,1,2023-11-15,9.467836995706118e-06,0.0026753122810163144,0.003538965175351199,0.002665844444020608
1,PLTR,2024-02-06,2024-02-06,1,2024-02-06,9.591795852278058e-06,0.0026753122810163144,0.003585299525719019,0.0026657204851640364
1,IBM,2023-09-26,2023-09-26,1,2023-09-26,9.653064567298011e-06,0.0026753122810163144,0.0036082010447135333,0.002665659216449016
1,ALGN,2023-02-02,2023-02-02,1,2023-02-02,1.0413969624261716e-05,0.0026753122810163144,0.00389261833026296,0.0026648983113920525
1,FDX,2024-06-26,2024-06-26,1,2024-06-26,1.1316340565296438e-05,0.0026753122810163144,0.00422991388541659,0.002663995940451018
1,EXPE,2023-11-03,2023-11-03,1,2023-11-03,1.5528433368672268e-05,0.0026753122810163144,0.005804344217630261,0.002659783847647642
1,META,2023-02-02,2023-02-02,1,2023-02-02,1.6011801686876094e-05,0.0026753122810163144,0.005985021561966377,0.0026593004793294384
1,MA,2024-11-06,2024-11-06,1,2024-11-06,1.9141681448038645e-05,0.0026753122810163144,0.007154933494630011,0.002656170599568276
1,ADBE,2024-06-14,2024-06-14,1,2024-06-14,1.9546463568076435e-05,0.0026753122810163144,0.00730623625016628,0.002655765817448238
1,MA,2024-07-31,2024-07-31,1,2024-07-31,2.066205458864564e-05,0.0026753122810163144,0.00772323094214497,0.002654650226427669
1,MHK,2024-07-26,2024-07-26,1,2024-07-26,2.467674574972989e-05,0.0026753122810163144,0.009223874881759797,0.0026506355352665847
1,CMG,2023-04-26,2023-04-26,1,2023-04-26,2.714463096253894e-05,0.0026753122810163144,0.010146341103860618,0.0026481676500537754
1,LULU,2023-06-02,2023-06-02,1,2023-06-02,2.7645123651609534e-05,0.0026753122810163144,0.010333419334922475,0.002647667157364705
1,NVDA,2023-05-25,2023-05-25,1,2023-05-25,2.828017647213225e-05,0.0026753122810163144,0.010570794547165537,0.002647032104544182
1,COF,2024-11-06,2024-11-06,1,2024-11-06,2.8410669337493967e-05,0.0026753122810163144,0.010619571232522112,0.0026469016116788206
1,PLTR,2023-11-02,2023-11-02,1,2023-11-02,2.9530028371974973e-05,0.0026753122810163144,0.011037974363410362,0.002645782252644339
1,JNJ,2023-01-09,2023-01-09,1,2023-01-09,3.319165152788628e-05,0.0026753122810163144,0.012406645670268156,0.002642120629488428
1,PLTR,2023-05-09,2023-05-09,1,2023-05-09,3.3342807482010056e-05,0.0026753122810163144,0.012463145973128633,0.0026419694735343043
1,ALL,2024-07-18,2024-07-18,1,2024-07-18,3.340621450054944e-05,0.0026753122810163144,0.01248684676461728,0.002641906066515765
1,AVGO,2024-12-13,2024-12-13,1,2024-12-13,3.440108241647977e-05,0.0026753122810163144,0.01285871659192297,0.0026409111985998346
1,CRM,2023-03-02,2023-03-02,1,2023-03-02,3.4774455166259985e-05,0.0026753122810163144,0.012998278897388998,0.0026405378258500542
1,LOW,2024-11-25,2024-11-25,1,2024-11-25,3.574263952032197e-05,0.0026753122810163144,0.013360174725749711,0.002639569641495992
1,MRK,2023-03-06,2023-03-06,1,2023-03-06,3.986298170909935e-05,0.0026753122810163144,0.014900309766438165,0.002635449299307215
1,WFC,2023-03-07,2023-03-07,1,2023-03-07,4.0154216905689694e-05,0.0026753122810163144,0.015009170028717418,0.0026351580641106247
1,ALL,2023-07-20,2023-07-20,1,2023-07-20,4.583282786191726e-05,0.0026753122810163144,0.01713176745277228,0.002629479453154397
1,INTU,2024-11-06,2024-11-06,1,2024-11-06,4.8536725617659136e-05,0.0026753122810163144,0.018142452364185574,0.002626775555398655
1,EXPE,2023-08-03,2023-08-03,1,2023-08-03,5.072843852786946e-05,0.0026753122810163144,0.01896168865512718,0.002624583842488445
1,BBY,2024-08-29,2024-08-29,1,2024-08-29,5.3255359822893904e-05,0.0026753122810163144,0.019906221864560397,0.0026220569211934204
1,MA,2024-07-10,2024-07-10,1,2024-07-10,5.781081085274309e-05,0.0026753122810163144,0.021608995429416394,0.002617501470163571
1,MMM,2024-10-28,2024-10-28,1,2024-10-28,6.210289308607267e-05,0.0026753122810163144,0.02321332486182908,0.0026132093879302418
1,DE,2023-12-13,2023-12-13,1,2023-12-13,6.323290238772946e-05,0.0026753122810163144,0.02363570893626973,0.002612079378628585
1,PM,2024-11-06,2024-11-06,1,2024-11-06,6.631842620065167e-05,0.0026753122810163144,0.02478904114156655,0.0026089938548156627
1,JPM,2024-08-02,2024-08-02,1,2024-08-02,6.996036718192045e-05,0.0026753122810163144,0.026150355484984157,0.002605351913834394
1,AXP,2023-01-27,2023-01-27,1,2023-01-27,7.151040891686635e-05,0.0026753122810163144,0.026729742701177495,0.002603801872099448
1,UNH,2024-12-05,2024-12-05,1,2024-12-05,7.246085291020184e-05,0.0026753122810163144,0.027085007393108873,0.0026028514281061124
1,GOOGL,2024-12-10,2024-12-11,2,2024-12-11,7.310465298360214e-05,0.0026753122810163144,0.027325652224730445,0.0026022076280327123
1,UNH,2023-12-14,2023-12-14,1,2023-12-14,7.676281695694343e-05,0.0026753122810163144,0.028693030530171335,0.002598549464059371
1,GOOG,2024-12-10,2024-12-11,2,2024-12-11,7.695604238376421e-05,0.0026753122810163144,0.02876525590295936,0.0025983562386325504
1,PG,2024-11-08,2024-11-08,1,2024-11-08,8.806144789256602e-05,0.0026753122810163144,0.032916324766061586,0.0025872508331237485
1,MU,2024-03-21,2024-03-21,1,2024-03-21,9.094624438148458e-05,0.0026753122810163144,0.03399462747837996,0.00258436603663483
1,CVX,2023-10-23,2023-10-23,1,2023-10-23,9.127499802161764e-05,0.0026753122810163144,0.03411751168986655,0.0025840372829946967
1,INTC,2024-07-08,2024-07-08,1,2024-07-08,9.52858801004671e-05,0.0026753122810163144,0.03561673183971977,0.0025800264009158474
1,AES,2024-11-06,2024-11-06,1,2024-11-06,9.57631315797794e-05,0.0026753122810163144,0.03579512278222724,0.002579549149436535
1,PLTR,2023-02-14,2023-02-14,1,2023-02-14,9.773189643359122e-05,0.0026753122810163144,0.03653102373397105,0.002577580384582723
1,UNH,2024-01-12,2024-01-12,1,2024-01-12,9.794797712553796e-05,0.0026753122810163144,0.03661179213378741,0.0025773643038907766
1,LNT,2024-11-11,2024-11-11,1,2024-11-11,0.0001073541319263,0.0026753122810163144,0.040127701236252554,0.002567958149090014
1,FDX,2024-09-20,2024-09-20,1,2024-09-20,0.0001082945929814,0.0026753122810163144,0.04047923442427453,0.002567017688034914
1,LMT,2024-10-01,2024-10-01,1,2024-10-01,0.0001085845177385,0.0026753122810163144,0.04058760485981481,0.002566727763277814
1,UNH,2024-11-06,2024-11-06,1,2024-11-06,0.0001142412818712,0.0026753122810163144,0.04270203620035015,0.0025610709991451142
1,COST,2023-11-16,2023-11-16,1,2023-11-16,0.0001215294390931,0.0026753122810163144,0.04542626292842816,0.0025537828419232144
1,CSCO,2024-04-09,2024-04-09,1,2024-04-09,0.0001217541627435,0.0026753122810163144,0.045510261963604214,0.0025535581182728143
1,WFC,2024-11-06,2024-11-06,1,2024-11-06,0.0001226214043718,0.0026753122810163144,0.04583442659831016,0.0025526908766445146
1,RCL,2024-08-02,2024-08-02,1,2024-08-02,0.0001286277015954,0.0026753122810163144,0.0480795092625733,0.0025466845794209145
1,UNH,2023-04-03,2023-04-03,1,2023-04-03,0.0001299938026515,0.0026753122810163144,0.04859014163464952,0.0025453184783648143
1,APD,2024-10-07,2024-10-07,1,2024-10-07,0.0001327640701362,0.0026753122810163144,0.04962563476356665,0.0025425482108801145
1,PG,2023-10-18,2023-10-18,1,2023-10-18,0.000134492662922,0.0026753122810163144,0.05027176224485767,0.002540819618094314
1,BKNG,2024-07-25,2024-07-25,1,2024-07-25,0.0001421564505714,0.0026753122810163144,0.0531363951715561,0.0025331558304449143
1,TGT,2024-08-21,2024-08-21,1,2024-08-21,0.0001431870752033,0.0026753122810163144,0.05352163043519734,0.0025321252058130143
1,BMY,2024-10-31,2024-10-31,1,2024-10-31,0.0001456802961651,0.0026753122810163144,0.05445356685977536,0.0025296319848512145
1,TMUS,2024-05-31,2024-05-31,1,2024-05-31,0.0001504356983408,0.0026753122810163144,0.05623107979142215,0.0025248765826755143
1,GS,2023-11-03,2023-11-03,1,2023-11-03,0.0001511128564591,0.0026753122810163144,0.05648419346458287,0.0025241994245572144
1,UNH,2024-04-16,2024-04-16,1,2024-04-16,0.0001558530663563,0.0026753122810163144,0.05825602770271497,0.0025194592146600145
1,INTU,2024-05-30,2024-05-30,1,2024-05-30,0.0001566906247324,0.0026753122810163144,0.05856909708980792,0.0025186216562839143
1,INTU,2024-11-19,2024-11-19,1,2024-11-19,0.0001586503540552,0.0026753122810163144,0.05930162066722577,0.0025166619269611145
1,LEN,2024-11-25,2024-11-25,1,2024-11-25,0.0001606006369547,0.0026753122810163144,0.06003061328365376,0.0025147116440616146
1,AOS,2023-06-02,2023-06-02,1,2023-06-02,0.0001613244329898,0.0026753122810163144,0.06030115965696351,0.0025139878480265145
1,LULU,2023-03-29,2023-03-29,1,2023-03-29,0.0001631391801765,0.0026753122810163144,0.06097949063147337,0.0025121731008398143
1,ALL,2023-01-19,2023-01-19,1,2023-01-19,0.0001695060594405,0.0026753122810163144,0.06335935458574092,0.0025058062215758143
1,PM,2024-04-23,2024-04-23,1,2024-04-23,0.0001748290240357,0.0026753122810163144,0.06534901561820097,0.0025004832569806143
1,ABNB,2024-08-07,2024-08-07,1,2024-08-07,0.000188747517374,0.0026753122810163144,0.07055158334723355,0.0024865647636423144
1,GOOGL,2024-08-05,2024-08-05,1,2024-08-05,0.00019346115821,0.0026753122810163144,0.07231348638541246,0.0024818511228063144
1,RCL,2024-08-06,2024-08-06,1,2024-08-06,0.0001998721577668,0.0026753122810163144,0.07470984198183822,0.0024754401232495145
1,BLK,2023-11-02,2023-11-02,1,2023-11-02,0.0002020611358602,0.0026753122810163144,0.07552805603069251,0.0024732511451561142
1,EL,2024-02-05,2024-02-05,1,2024-02-05,0.0002034658902023,0.0026753122810163144,0.07605313654262676,0.0024718463908140146
1,XOM,2024-04-26,2024-04-26,1,2024-04-26,0.0002174098895409,0.0026753122810163144,0.08126523811205658,0.0024579023914754142
1,CVS,2023-02-08,2023-02-08,1,2023-02-08,0.000221384186611,0.0026753122810163144,0.08275078321955714,0.0024539280944053145
1,PG,2024-08-01,2024-08-01,1,2024-08-01,0.0002243096028754,0.0026753122810163144,0.08384426912217809,0.0024510026781409144
1,GS,2024-03-21,2024-03-21,1,2024-03-21,0.0002290160071879,0.0026753122810163144,0.08560346723370177,0.0024462962738284145
1,ORCL,2024-03-12,2024-03-12,1,2024-03-12,0.0002296115445498,0.0026753122810163144,0.08582607203618627,0.0024457007364665144
1,DHI,2024-07-11,2024-07-11,1,2024-07-11,0.0002433855995453,0.0026753122810163144,0.09097465042579671,0.0024319266814710142
1,CVX,2024-06-03,2024-06-03,1,2024-06-03,0.0002450109921786,0.0026753122810163144,0.0915822029140926,0.0024303012888377143
1,CRM,2024-11-11,2024-11-11,1,2024-11-11,0.0002479471653454,0.0026753122810163144,0.092679709619248,0.0024273651156709146
1,EL,2024-09-26,2024-09-26,1,2024-09-26,0.0002499199979865,0.0026753122810163144,0.09341713106163398,0.002425392283029814
1,PM,2023-09-28,2023-09-28,1,2023-09-28,0.0002730213844794,0.0026753122810163144,0.10205215533779964,0.0024022908965369142
1,MCD,2024-07-29,2024-07-29,1,2024-07-29,0.0002799690878115,0.0026753122810163144,0.10464912443983683,0.0023953431932048144
1,JNJ,2023-07-31,2023-07-31,1,2023-07-31,0.000282556963657,0.0026753122810163144,0.10561644173728403,0.0023927553173593145
1,ABNB,2024-02-15,2024-02-15,1,2024-02-15,0.0002932888355341,0.0026753122810163144,0.10962788815916609,0.0023820234454822145
1,META,2023-04-27,2023-04-27,1,2023-04-27,0.0002945752225519,0.0026753122810163144,0.11010872436917717,0.0023807370584644143
1,CPB,2023-10-13,2023-10-13,1,2023-10-13,0.0003190903874686,0.0026753122810163144,0.11927220225198606,0.0023562218935477145
1,MRK,2023-08-23,2023-08-23,1,2023-08-23,0.0003246197167754,0.0026753122810163144,0.12133899996604562,0.0023506925642409146
1,TMO,2024-07-24,2024-07-24,1,2024-07-24,0.0003317214242542,0.0026753122810163144,0.12399353399154718,0.0023435908567621144
1,ARE,2024-07-24,2024-07-24,1,2024-07-24,0.0003341777685515,0.0026753122810163144,0.1249116863563122,0.0023411345124648144
1,ALB,2024-08-15,2024-08-15,1,2024-08-15,0.0003527147937347,0.0026753122810163144,0.13184060651069432,0.0023225974872816144
1,BAC,2024-08-02,2024-08-02,1,2024-08-02,0.0003622225130432,0.0026753122810163144,0.13539447922154219,0.0023130897679731143
1,EL,2024-08-13,2024-08-13,1,2024-08-13,0.000365931623916,0.0026753122810163144,0.1367809008737431,0.0023093806571003145
1,AMD,2024-08-01,2024-08-01,1,2024-08-01,0.0003751888247582,0.0026753122810163144,0.14024113275317188,0.0023001234562581145
1,ISRG,2023-04-19,2023-04-19,1,2023-04-19,0.0003811680877551,0.0026753122810163144,0.14247611034413502,0.0022941441932612145
1,APTV,2023-12-14,2023-12-14,1,2023-12-14,0.0003821622472969,0.0026753122810163144,0.1428477153895925,0.0022931500337194143
1,GE,2024-04-03,2024-04-03,1,2024-04-03,0.000388178627774,0.0026753122810163144,0.14509656705442112,0.0022871336532423146
1,LIN,2023-07-05,2023-07-05,1,2023-07-05,0.0003951222606095,0.0026753122810163144,0.14769201465310752,0.0022801900204068143
1,LW,2024-12-13,2024-12-13,1,2024-12-13,0.0003959134307175,0.0026753122810163144,0.1479877446557745,0.002279398850298814
1,CRM,2024-09-19,2024-09-19,1,2024-09-19,0.0003964761741978,0.0026753122810163144,0.14819809149427002,0.0022788361068185143
1,EMR,2024-05-08,2024-05-08,1,2024-05-08,0.0003976852100701,0.0026753122810163144,0.14865001476351944,0.0022776270709462146
1,MO,2023-02-01,2023-02-01,1,2023-02-01,0.0004076960481359,0.0026753122810163144,0.1523919472985867,0.0022676162328804142
1,MSFT,2024-01-31,2024-01-31,1,2024-01-31,0.0004095290090845,0.0026753122810163144,0.1530770863612698,0.0022657832719318143
1,PHM,2023-07-25,2023-07-25,1,2023-07-25,0.0004227478755638,0.0026753122810163144,0.15801814186835936,0.0022525644054525143
1,GS,2023-12-14,2023-12-14,1,2023-12-14,0.0004264050862426,0.0026753122810163144,0.1593851638436073,0.002248907194773714
1,JPM,2023-03-15,2023-03-15,1,2023-03-15,0.0004265564574961,0.0026753122810163144,0.15944174462282104,0.0022487558235202145
1,GE,2024-03-07,2024-03-07,1,2024-03-07,0.0004303899240767,0.0026753122810163144,0.16087464896367193,0.0022449223569396145
1,CVX,2023-10-11,2023-10-11,1,2023-10-11,0.0004310545460678,0.0026753122810163144,0.1611230767811705,0.0022442577349485143
1,A,2024-09-26,2024-09-26,1,2024-09-26,0.0004356697429708,0.0026753122810163144,0.16284818264479203,0.0022396425380455144
1,BAC,2023-12-14,2023-12-14,1,2023-12-14,0.0004381227102991,0.0026753122810163144,0.16376507273859753,0.0022371895707172145
1,DHR,2023-07-27,2023-07-27,1,2023-07-27,0.0004391213489725,0.0026753122810163144,0.16413835203032218,0.0022361909320438144
1,COST,2024-11-08,2024-11-08,1,2024-11-08,0.0004406490093565,0.0026753122810163144,0.1647093733629868,0.0022346632716598144
1,ADBE,2024-02-16,2024-02-16,1,2024-02-16,0.0004448723783449,0.0026753122810163144,0.16628801859942088,0.0022304399026714145
1,STZ,2023-10-05,2023-10-05,1,2023-10-05,0.0004552688055506,0.0026753122810163144,0.170174079781688,0.002220043475465714
1,GE,2024-07-23,2024-07-24,2,2024-07-24,0.0004629210349473,0.0026753122810163144,0.17303439237061427,0.0022123912460690143
1,ACN,2023-03-23,2023-03-23,1,2023-03-23,0.0004638897192177,0.0026753122810163144,0.17339647506177283,0.0022114225617986144
1,GOOGL,2023-02-02,2023-02-02,1,2023-02-02,0.0004653584417775,0.0026753122810163144,0.17394546613478587,0.0022099538392388145
1,AVGO,2023-03-03,2023-03-03,1,2023-03-03,0.0004682622415462,0.0026753122810163144,0.1750308720476974,0.0022070500394701146
1,GOOG,2023-07-26,2023-07-26,1,2023-07-26,0.0004747082810051,0.0026753122810163144,0.17744032514393604,0.0022006040000112142
1,MO,2024-02-01,2024-02-01,1,2024-02-01,0.0004787849583711,0.0026753122810163144,0.1789641387917586,0.0021965273226452146
1,LIN,2024-02-06,2024-02-06,1,2024-02-06,0.0004860759691534,0.0026753122810163144,0.18168943214686936,0.0021892363118629146
1,GOOGL,2023-07-26,2023-07-26,1,2023-07-26,0.0004872426945439,0.0026753122810163144,0.18212554025984706,0.0021880695864724144
1,GILD,2023-11-08,2023-11-08,1,2023-11-08,0.000494595082849,0.0026753122810163144,0.18487377580501,0.0021807171981673146
1,GS,2024-08-02,2024-08-02,1,2024-08-02,0.0004966865672031,0.0026753122810163144,0.1856555478504422,0.0021786257138132143
1,MU,2023-04-10,2023-04-10,1,2023-04-10,0.0004978956660731,0.0026753122810163144,0.1861074946674847,0.002177416614943214
1,MHK,2023-11-14,2023-11-14,1,2023-11-14,0.0005003712449858,0.0026753122810163144,0.1870328367033533,0.002174941036030514
1,RCL,2024-02-22,2024-02-22,1,2024-02-22,0.0005113784488031,0.0026753122810163144,0.1911471989388971,0.0021639338322132144
1,DHR,2024-01-30,2024-01-30,1,2024-01-30,0.0005241517649362,0.0026753122810163144,0.19592171301104408,0.0021511605160801145
1,C,2024-01-30,2024-01-30,1,2024-01-30,0.0005252132147385,0.0026753122810163144,0.19631847035777775,0.0021500990662778143
1,LULU,2024-03-22,2024-03-22,1,2024-03-22,0.0005276076427454,0.0026753122810163144,0.19721347914755175,0.0021477046382709143
1,PM,2024-08-05,2024-08-05,1,2024-08-05,0.0005383521989794,0.0026753122810163144,0.2012296668315997,0.0021369600820369144
1,ADBE,2023-05-25,2023-05-25,1,2023-05-25,0.0005573290811904,0.0026753122810163144,0.20832300032603232,0.0021179831998259144
1,ALLE,2023-12-08,2023-12-08,1,2023-12-08,0.0005589516057322,0.0026753122810163144,0.20892948075574264,0.0021163606752841145
1,MA,2024-08-05,2024-08-05,1,2024-08-05,0.0005618512375197,0.0026753122810163144,0.21001332872671613,0.0021134610434966144
1,GOOG,2024-08-05,2024-08-05,1,2024-08-05,0.0005734239687626,0.0026753122810163144,0.21433907840648947,0.0021018883122537143
1,CAT,2023-12-14,2023-12-14,1,2023-12-14,0.0005819053594071,0.0026753122810163144,0.2175093216355446,0.002093406921609214
1,WFC,2023-03-09,2023-03-09,1,2023-03-09,0.0005900924511281,0.0026753122810163144,0.22056955941753909,0.0020852198298882143
1,NVDA,2024-02-22,2024-02-22,1,2024-02-22,0.0005913853422309,0.0026753122810163144,0.22105282677738125,0.0020839269387854143
1,COP,2024-10-31,2024-10-31,1,2024-10-31,0.0006165525222362,0.0026753122810163144,0.23046002016705883,0.0020587597587801145
1,DE,2024-08-15,2024-08-15,1,2024-08-15,0.0006665251952654,0.0026753122810163144,0.24913921264256908,0.0020087870857509143
1,LW,2023-10-05,2023-10-05,1,2023-10-05,0.0006763095352653,0.0026753122810163144,0.2527964828869919,0.0019990027457510145
1,TMUS,2024-06-12,2024-06-12,1,2024-06-12,0.0006819537403619,0.0026753122810163144,0.25490621980879,0.0019933585406544142
1,HD,2024-11-06,2024-11-06,1,2024-11-06,0.0006978835877924,0.0026753122810163144,0.2608606078417446,0.0019774286932239143
1,MCD,2024-02-05,2024-02-05,1,2024-02-05,0.0007010715176572,0.0026753122810163144,0.2620522182146424,0.001974240763359114
1,RCL,2024-11-06,2024-11-06,1,2024-11-06,0.0007141227891368,0.0026753122810163144,0.26693062869861106,0.0019611894918795145
1,ALGN,2023-09-07,2023-09-07,1,2023-09-07,0.0007306403766657,0.0026753122810163144,0.27310470700943357,0.0019446719043506144
1,GOOG,2024-11-21,2024-11-21,1,2024-11-21,0.0007344545393371,0.0026753122810163144,0.2745303957779803,0.0019408577416792144
1,ABBV,2024-11-11,2024-11-11,1,2024-11-11,0.000736170358037,0.0026753122810163144,0.2751717484574694,0.0019391419229793144
1,C,2024-11-06,2024-11-06,1,2024-11-06,0.000773906747207,0.0026753122810163144,0.2892771631553246,0.0019014055338093144
1,JNJ,2023-04-05,2023-04-05,1,2023-04-05,0.0007770349666998,0.0026753122810163144,0.29044645449936596,0.0018982773143165145
1,AES,2024-09-11,2024-09-11,1,2024-09-11,0.0007803504611577,0.0026753122810163144,0.2916857470041799,0.0018949618198586143
1,PHM,2023-12-14,2023-12-14,1,2023-12-14,0.0007932592813934,0.0026753122810163144,0.29651091090272713,0.0018820529996229143
1,ABT,2023-10-18,2023-10-18,1,2023-10-18,0.0008032326471645,0.0026753122810163144,0.3002388367384771,0.0018720796338518144
1,MAR,2024-07-31,2024-07-31,1,2024-07-31,0.0008167287619774,0.0026753122810163144,0.30528352438435186,0.0018585835190389143
1,RTX,2024-11-14,2024-11-14,1,2024-11-14,0.0008245395782893,0.0026753122810163144,0.3082031148812537,0.0018507727027270143
1,APD,2024-02-05,2024-02-05,1,2024-02-05,0.0008377506708105,0.0026753122810163144,0.3131412645750088,0.0018375616102058144
1,ALLE,2024-10-24,2024-10-24,1,2024-10-24,0.0008629761838029,0.0026753122810163144,0.32257026214340373,0.0018123360972134143
1,CMCSA,2024-11-06,2024-11-06,1,2024-11-06,0.0008631644395791,0.0026753122810163144,0.32264062991973247,0.0018121478414372142
1,LULU,2023-09-01,2023-09-01,1,2023-09-01,0.000883936540534,0.0026753122810163144,0.33040499488837416,0.0017913757404823144
1,ISRG,2023-10-11,2023-10-11,1,2023-10-11,0.0008906705121868,0.0026753122810163144,0.3329220736236618,0.0017846417688295144
1,AXP,2024-11-06,2024-11-06,1,2024-11-06,0.0009016103090528,0.0026753122810163144,0.33701123994029236,0.0017737019719635144
1,V,2024-03-22,2024-03-22,1,2024-03-22,0.0009265065749787,0.0026753122810163144,0.3463171688602771,0.0017488057060376144
1,AVGO,2023-09-01,2023-09-01,1,2023-09-01,0.0009310852222066,0.0026753122810163144,0.34802861288884507,0.0017442270588097144
1,ALLE,2023-12-14,2023-12-14,1,2023-12-14,0.0009342692583838,0.0026753122810163144,0.3492187678474993,0.0017410430226325144
1,DE,2023-04-05,2023-04-05,1,2023-04-05,0.0009362785749544,0.0026753122810163144,0.3499698265500133,0.0017390337060619143
1,EMR,2024-02-07,2024-02-07,1,2024-02-07,0.0009364936603219,0.0026753122810163144,0.35005022290935656,0.0017388186206944143
1,MO,2024-03-06,2024-03-06,1,2024-03-06,0.0009800548018877,0.0026753122810163144,0.36633286096806267,0.0016952574791286143
1,TMO,2023-04-25,2023-04-25,1,2023-04-25,0.0009907562782852,0.0026753122810163144,0.37033294592017696,0.0016845560027311144
1,CSCO,2023-08-17,2023-08-17,1,2023-08-17,0.0010096356221765,0.0026753122810163144,0.3773898207475627,0.0016656766588398144
1,NFLX,2023-03-23,2023-03-23,1,2023-03-23,0.0010260868995309,0.0026753122810163144,0.38353911310163147,0.0016492253814854145
1,COF,2024-06-11,2024-06-11,1,2024-06-11,0.0010306665149983,0.0026753122810163144,0.38525091904664077,0.0016446457660180143
1,AVGO,2023-05-02,2023-05-02,1,2023-05-02,0.0010759788280362,0.0026753122810163144,0.4021881242317814,0.0015993334529801144
1,AKAM,2024-11-08,2024-11-08,1,2024-11-08,0.0010894190841605,0.0026753122810163144,0.40721193256237165,0.0015858931968558143
1,DE,2024-11-08,2024-11-08,1,2024-11-08,0.0011054831900562,0.0026753122810163144,0.41321650481724026,0.0015698290909601145
1,BAC,2023-03-13,2023-03-13,1,2023-03-13,0.0011111812139764,0.0026753122810163144,0.4153463585769798,0.0015641310670399145
1,ACN,2024-10-30,2024-10-30,1,2024-10-30,0.0011593157981879,0.0026753122810163144,0.4333384952531567,0.0015159964828284143
1,EXPE,2024-05-03,2024-05-03,1,2024-05-03,0.0011702684028326,0.0026753122810163144,0.4374324489655582,0.0015050438781837143
1,ROST,2024-11-25,2024-11-25,1,2024-11-25,0.0011745510925538,0.0026753122810163144,0.43903326758833705,0.0015007611884625145
1,CSCO,2023-02-16,2023-02-16,1,2023-02-16,0.0011788074048126,0.0026753122810163144,0.44062422662852174,0.0014965048762037145
1,DHR,2024-10-22,2024-10-22,1,2024-10-22,0.0011795140667438,0.0026753122810163144,0.44088836847701335,0.0014957982142725145
1,LULU,2024-11-01,2024-11-01,1,2024-11-01,0.0011803887751827,0.0026753122810163144,0.44121532411696124,0.0014949235058336144
1,TMUS,2024-10-24,2024-10-24,1,2024-10-24,0.0011853825260991,0.0026753122810163144,0.44308192898093735,0.0014899297549172143
1,UNH,2024-07-16,2024-07-16,1,2024-07-16,0.0011972159170303,0.0026753122810163144,0.44750511016063294,0.0014780963639860144
1,CVS,2024-10-18,2024-10-18,1,2024-10-18,0.0012097850967798,0.0026753122810163144,0.45220332047375766,0.0014655271842365144
1,ROST,2023-08-18,2023-08-18,1,2023-08-18,0.0012170293698242,0.0026753122810163144,0.45491114381677616,0.0014582829111921144
1,ALGN,2023-07-27,2023-07-27,1,2023-07-27,0.0012435846952333,0.0026753122810163144,0.4648372094942424,0.0014317275857830144
1,BBY,2023-12-14,2023-12-14,1,2023-12-14,0.0012537338208251,0.0026753122810163144,0.468630832266364,0.0014215784601912143
1,CVS,2024-05-01,2024-05-01,1,2024-05-01,0.0012669433381034,0.0026753122810163144,0.4735683931530063,0.0014083689429129143
1,CMG,2024-04-25,2024-04-25,1,2024-04-25,0.0012692209319766,0.0026753122810163144,0.474419730729319,0.0014060913490397144
1,AVGO,2023-12-11,2023-12-11,1,2023-12-11,0.0013196675376093,0.0026753122810163144,0.4932760735909217,0.0013556447434070144
1,MSFT,2023-10-26,2023-10-26,1,2023-10-26,0.0013198912648173,0.0026753122810163144,0.49335970016774694,0.0013554210161990145
1,LOW,2023-12-14,2023-12-14,1,2023-12-14,0.0013202065543737,0.0026753122810163144,0.49347755166442536,0.0013551057266426145
1,ABBV,2024-10-30,2024-10-30,1,2024-10-30,0.0013428357808236,0.0026753122810163144,0.5019360881165899,0.0013324765001927145
1,MMM,2023-10-24,2023-10-24,1,2023-10-24,0.0014132882554804,0.0026753122810163144,0.5282703875390246,0.0012620240255359144
1,ALLE,2023-04-26,2023-04-26,1,2023-04-26,0.0014173422179889,0.0026753122810163144,0.529785710642524,0.0012579700630274144
1,AMD,2023-12-07,2023-12-07,1,2023-12-07,0.0014378215227528,0.0026753122810163144,0.5374406318676903,0.0012374907582635144
1,ALL,2023-12-14,2023-12-14,1,2023-12-14,0.0014507265830009,0.0026753122810163144,0.5422643903274682,0.0012245856980154144
1,TSLA,2024-04-24,2024-04-24,1,2024-04-24,0.0014698618513648,0.0026753122810163144,0.5494169266873099,0.0012054504296515143
1,AFL,2023-12-14,2023-12-14,1,2023-12-14,0.0014832156419705,0.0026753122810163144,0.5544084152325749,0.0011920966390458144
1,EL,2023-11-01,2023-11-02,2,2023-11-02,0.0015044150922525,0.0026753122810163144,0.5623325183110935,0.0011708971887638144
1,AAPL,2024-03-21,2024-03-21,1,2024-03-21,0.001514589993773,0.0026753122810163144,0.5661357758196468,0.0011607222872433143
1,ARE,2023-11-14,2023-11-14,1,2023-11-14,0.0015598007688822,0.0026753122810163144,0.5830350273313338,0.0011155115121341144
1,EMR,2023-02-08,2023-02-08,1,2023-02-08,0.0015712483153108,0.0026753122810163144,0.5873139844122811,0.0011040639657055144
1,ABBV,2024-04-26,2024-04-26,1,2024-04-26,0.0015808893881057,0.0026753122810163144,0.5909177030747012,0.0010944228929106144
1,UNH,2024-06-28,2024-06-28,1,2024-06-28,0.0015815663355169,0.0026753122810163144,0.591170737988047,0.0010937459454994144
1,C,2024-08-02,2024-08-02,1,2024-08-02,0.0015842862651576,0.0026753122810163144,0.5921874154279109,0.0010910260158587144
1,CSCO,2023-09-21,2023-09-21,1,2023-09-21,0.0016191582385999,0.0026753122810163144,0.6052221455002643,0.0010561540424164145
1,AOS,2023-10-26,2023-10-26,1,2023-10-26,0.0016806886541113,0.0026753122810163144,0.628221485034573,0.0009946236269050145
1,PLTR,2024-08-08,2024-08-08,1,2024-08-08,0.001688603466755,0.0026753122810163144,0.6311799481268492,0.0009867088142613144
1,MU,2023-12-21,2023-12-21,1,2023-12-21,0.0016955626429989,0.0026753122810163144,0.6337812056672424,0.0009797496380174143
1,TMUS,2023-04-28,2023-04-28,1,2023-04-28,0.0017270749913526,0.0026753122810163144,0.6455601477284394,0.0009482372896637145
1,LLY,2023-05-03,2023-05-03,1,2023-05-03,0.0017343598706853,0.0026753122810163144,0.648283149220412,0.0009409524103310143
1,GOOGL,2024-11-21,2024-11-21,1,2024-11-21,0.001746305271,0.0026753122810163144,0.6527481981791683,0.0009290070100163143
1,LNT,2024-11-01,2024-11-01,1,2024-11-01,0.0017562398258255,0.0026753122810163144,0.6564616169437717,0.0009190724551908145
1,MO,2024-07-31,2024-07-31,1,2024-07-31,0.0017775800797001,0.0026753122810163144,0.6644383507351979,0.0008977322013162144
1,LMT,2023-09-06,2023-09-06,1,2023-09-06,0.0017784258507466,0.0026753122810163144,0.6647544899210795,0.0008968864302697143
1,ABT,2023-07-20,2023-07-20,1,2023-07-20,0.0017792159511676,0.0026753122810163144,0.6650498200874331,0.0008960963298487144
1,CPB,2023-12-06,2023-12-06,1,2023-12-06,0.001810919700074,0.0026753122810163144,0.6769003054051158,0.0008643925809423143
1,AFL,2024-02-01,2024-02-01,1,2024-02-01,0.0018205430401697,0.0026753122810163144,0.6804973957948942,0.0008547692408466144
1,MRK,2023-01-09,2023-01-09,1,2023-01-09,0.0018342954106628,0.0026753122810163144,0.6856378687746973,0.0008410168703535143
1,TGT,2024-03-05,2024-03-05,1,2024-03-05,0.001836435730335,0.0026753122810163144,0.6864378948828221,0.0008388765506813145
1,CL,2024-10-25,2024-10-25,1,2024-10-25,0.0018887115675961,0.0026753122810163144,0.705977982831449,0.0007866007134202143
1,LIN,2023-12-12,2023-12-13,2,2023-12-12,0.0019049619204452,0.0026753122810163144,0.7120521719885093,0.0007703503605711144
1,AMD,2023-02-01,2023-02-01,1,2023-02-01,0.0019115278964385,0.0026753122810163144,0.7145064559387948,0.0007637843845778145
1,LLY,2024-02-05,2024-02-05,1,2024-02-05,0.0019276310422962,0.0026753122810163144,0.7205256208684241,0.0007476812387201145
1,ORCL,2023-05-25,2023-05-25,1,2023-05-25,0.0019350206282979,0.0026753122810163144,0.7232877604713915,0.0007402916527184144
1,AAPL,2024-06-11,2024-06-11,1,2024-06-11,0.0019381379019857,0.0026753122810163144,0.7244529604033471,0.0007371743790306143
1,LIN,2023-02-07,2023-02-07,1,2023-02-07,0.0019781127059832,0.0026753122810163144,0.7393950680149168,0.0006971995750331144
1,MRK,2024-02-01,2024-02-01,1,2024-02-01,0.0019986969874025,0.0026753122810163144,0.747089228268792,0.0006766152936138145
1,DE,2023-02-17,2023-02-17,1,2023-02-17,0.0020047356886083,0.0026753122810163144,0.7493464231572728,0.0006705765924080146
1,JNJ,2024-05-01,2024-05-01,1,2024-05-01,0.0020452410681173,0.0026753122810163144,0.7644868536021302,0.0006300712128990142
1,AMD,2024-02-22,2024-02-22,1,2024-02-22,0.0020667970423043,0.0026753122810163144,0.7725442210877722,0.0006085152387120146
1,GOOGL,2024-07-24,2024-07-24,1,2024-07-24,0.0022001572855515,0.0026753122810163144,0.8223926982892966,0.0004751549954648145
1,ABT,2024-03-15,2024-03-15,1,2024-03-15,0.0022017865986223,0.0026753122810163144,0.8230017161906316,0.0004735256823940144
1,LOW,2024-06-25,2024-06-25,1,2024-06-25,0.002223638400513,0.0026753122810163144,0.8311696605632409,0.00045167388050331445
1,AAPL,2024-05-03,2024-05-03,1,2024-05-03,0.0022288470602385,0.0026753122810163144,0.8331165957911244,0.0004464652207778145
1,AXP,2024-08-02,2024-08-02,1,2024-08-02,0.0022427696489709,0.0026753122810163144,0.838320694329898,0.00043254263204541444
1,META,2024-10-31,2024-10-31,1,2024-10-31,0.0022462735186785,0.0026753122810163144,0.8396303992688179,0.0004290387623378145
1,DLTR,2024-08-29,2024-08-29,1,2024-08-29,0.002251869723841,0.0026753122810163144,0.8417221943845544,0.00042344255717531457
1,MSFT,2023-04-26,2023-04-26,1,2023-04-26,0.002330556535647,0.0026753122810163144,0.8711343913696885,0.0003447557453693144
1,GE,2024-04-23,2024-04-23,1,2024-04-23,0.0023412331046226,0.0026753122810163144,0.875125166222912,0.00033407917639371445
1,CL,2023-12-14,2023-12-14,1,2023-12-14,0.0023953258002923,0.0026753122810163144,0.8953443742957546,0.0002799864807240143
1,APTV,2023-02-14,2023-02-14,1,2023-02-14,0.0024362445025568,0.0026753122810163144,0.9106392998843874,0.00023906777845951422
1,JNJ,2024-07-17,2024-07-17,1,2024-07-17,0.0024769007647895,0.0026753122810163144,0.9258361285018135,0.00019841151622681423
1,ALLE,2023-10-18,2023-10-18,1,2023-10-18,0.0025469682990054,0.0026753122810163144,0.9520265417530405,0.00012834398201091437
1,AMZN,2023-10-27,2023-10-27,1,2023-10-27,0.0025596547086024,0.0026753122810163144,0.9567685711927515,0.00011565757241391436
1,V,2023-09-14,2023-09-14,1,2023-09-14,0.0026226471498375,0.0026753122810163144,0.9803143986021671,5.2665131178814256e-05
1,HD,2023-02-21,2023-02-21,1,2023-02-21,0.0026334827288177,0.0026753122810163144,0.9843646095091658,4.182955219861426e-05
1,LIN,2023-02-24,2023-02-24,1,2023-02-24,0.0026336659966791,0.0026753122810163144,0.9844331128621016,4.164628433721458e-05
1,MHK,2023-10-12,2023-10-12,1,2023-10-12,0.0026723502580959,0.0026753122810163144,0.9988928309635355,2.962022920414281e-06
2,ALL,2023-01-19,2023-01-19,1,2023-01-19,6.8246056912357744e-06,0.0028087306597129407,0.0024297828870260083,0.002801906054021705
2,ALGN,2023-02-02,2023-02-02,1,2023-02-02,2.1545771315603897e-05,0.0028087306597129407,0.0076709994392292246,0.002787184888397337
2,AES,2024-11-06,2024-11-06,1,2024-11-06,2.1565397084462968e-05,0.0028087306597129407,0.007677986854982744,0.002787165262628478
2,PG,2024-11-08,2024-11-08,1,2024-11-08,7.115958546282602e-05,0.0028087306597129407,0.0253351403477394,0.0027375710742501146
2,NVDA,2023-05-25,2023-05-25,1,2023-05-25,7.229105552445011e-05,0.0028087306597129407,0.025737980704721056,0.0027364396041884907
2,DE,2024-11-08,2024-11-08,1,2024-11-08,8.707584753311594e-05,0.0028087306597129407,0.03100185033121521,0.0027216548121798247
2,PM,2024-11-06,2024-11-06,1,2024-11-06,9.27295546525305e-05,0.0028087306597129407,0.0330147550217605,0.00271600110506041
2,LW,2024-11-15,2024-11-15,1,2024-11-15,0.0001009234871279,0.0028087306597129407,0.03593206304025415,0.002707807172585041
2,IBM,2023-09-26,2023-09-26,1,2023-09-26,0.0001069318209374,0.0028087306597129407,0.038071226433768736,0.002701798838775541
2,MO,2024-03-06,2024-03-06,1,2024-03-06,0.0001090143126627,0.0028087306597129407,0.03881266161485257,0.0026997163470502406
2,INTU,2024-11-19,2024-11-19,1,2024-11-19,0.000121860420379,0.0028087306597129407,0.04338629621092058,0.0026868702393339407
2,COST,2023-11-16,2023-11-16,1,2023-11-16,0.0001250644664651,0.0028087306597129407,0.044527041435109306,0.002683666193247841
2,AOS,2023-06-02,2023-06-02,1,2023-06-02,0.0001320353623062,0.0028087306597129407,0.047008908401239995,0.0026766952974067405
2,CVX,2023-05-02,2023-05-02,1,2023-05-02,0.0001347382742096,0.0028087306597129407,0.04797123346222546,0.0026739923855033407
2,AVGO,2023-05-02,2023-05-02,1,2023-05-02,0.0001355309835995,0.0028087306597129407,0.04825346393781724,0.0026731996761134406
2,JPM,2023-03-15,2023-03-15,1,2023-03-15,0.0001608307474089,0.0028087306597129407,0.05726100751338589,0.002647899912304041
2,MO,2024-08-05,2024-08-05,1,2024-08-05,0.0001649223446141,0.0028087306597129407,0.05871774997142498,0.0026438083150988408
2,LMT,2024-10-01,2024-10-01,1,2024-10-01,0.0001663107673569,0.0028087306597129407,0.059212073888885226,0.0026424198923560406
2,MRK,2023-03-06,2023-03-06,1,2023-03-06,0.0001750501114022,0.0028087306597129407,0.0623235662689318,0.002633680548310741
2,JNJ,2023-01-09,2023-01-09,1,2023-01-09,0.0001815019000787,0.0028087306597129407,0.06462061410233261,0.0026272287596342406
2,MA,2024-11-06,2024-11-06,1,2024-11-06,0.0001893872136669,0.0028087306597129407,0.06742804370079965,0.002619343446046041
2,ALLE,2023-10-18,2023-10-18,1,2023-10-18,0.0001958145431975,0.0028087306597129407,0.0697163832781007,0.002612916116515441
2,DHR,2023-07-27,2023-07-27,1,2023-07-27,0.0001984964954317,0.0028087306597129407,0.0706712460111739,0.002610234164281241
2,LIN,2023-02-07,2023-02-07,1,2023-02-07,0.0002190068087656,0.0028087306597129407,0.07797358853482343,0.0025897238509473407
2,UNH,2024-01-12,2024-01-12,1,2024-01-12,0.0002249252591961,0.0028087306597129407,0.08008075050495868,0.002583805400516841
2,CVX,2024-06-03,2024-06-03,1,2024-06-03,0.0002284572618918,0.0028087306597129407,0.08133825901097576,0.0025802733978211407
2,PG,2024-08-01,2024-08-01,1,2024-08-01,0.0002383821954329,0.0028087306597129407,0.08487186003704009,0.0025703484642800407
2,AAPL,2023-05-05,2023-05-05,1,2023-05-05,0.0002491281197762,0.0028087306597129407,0.08869776064667644,0.0025596025399367405
2,CSCO,2024-04-09,2024-04-09,1,2024-04-09,0.0002518579240131,0.0028087306597129407,0.08966966025814682,0.002556872735699841
2,UNH,2023-12-14,2023-12-14,1,2023-12-14,0.0002519720642036,0.0028087306597129407,0.08971029789996032,0.0025567585955093407
2,WFC,2023-03-09,2023-03-09,1,2023-03-09,0.0002709249954576,0.0028087306597129407,0.09645816145478656,0.0025378056642553406
2,UNH,2024-04-16,2024-04-16,1,2024-04-16,0.0002759267939836,0.0028087306597129407,0.09823896535946257,0.002532803865729341
2,LMT,2023-09-06,2023-09-06,1,2023-09-06,0.0002779768194272,0.0028087306597129407,0.09896884148215548,0.0025307538402857405
2,DE,2023-12-13,2023-12-13,1,2023-12-13,0.0002784674727687,0.0028087306597129407,0.09914353012302009,0.0025302631869442405
2,COF,2024-06-11,2024-06-11,1,2024-06-11,0.0002807946268148,0.0028087306597129407,0.0999720730942204,0.0025279360328981405
2,TMUS,2024-03-07,2024-03-07,1,2024-03-07,0.0002857781405812,0.0028087306597129407,0.10174636702630904,0.002522952519131741
2,WFC,2023-03-07,2023-03-07,1,2023-03-07,0.0002923186181181,0.0028087306597129407,0.10407499099538996,0.002516412041594841
2,META,2024-02-02,2024-02-02,1,2024-02-02,0.0002923682940325,0.0028087306597129407,0.10409267724602002,0.0025163623656804406
2,MA,2024-07-10,2024-07-10,1,2024-07-10,0.0003006814644019,0.0028087306597129407,0.10705243785555087,0.002508049195311041
2,LOW,2024-11-25,2024-11-25,1,2024-11-25,0.0003081125579774,0.0028087306597129407,0.10969815027009029,0.0025006181017355406
2,CL,2024-10-25,2024-10-25,1,2024-10-25,0.0003117607363947,0.0028087306597129407,0.11099702113358308,0.002496969923318241
2,RCL,2024-08-06,2024-08-06,1,2024-08-06,0.0003141303199906,0.0028087306597129407,0.11184067041255744,0.0024946003397223406
2,RCL,2024-08-02,2024-08-02,1,2024-08-02,0.0003144505414335,0.0028087306597129407,0.11195467972199144,0.0024942801182794407
2,ALL,2024-07-18,2024-07-18,1,2024-07-18,0.0003162776637812,0.0028087306597129407,0.1126051950504661,0.0024924529959317408
2,INTU,2024-05-30,2024-05-30,1,2024-05-30,0.0003255988016462,0.0028087306597129407,0.1159238250631967,0.0024831318580667405
2,BAC,2024-08-02,2024-08-02,1,2024-08-02,0.000335423563835,0.0028087306597129407,0.11942176181082495,0.0024733070958779407
2,MRK,2024-02-01,2024-02-01,1,2024-02-01,0.0003419925231658,0.0028087306597129407,0.12176052623029099,0.002466738136547141
2,CVX,2023-01-26,2023-01-26,1,2023-01-26,0.0003622497811995,0.0028087306597129407,0.1289727727885887,0.002446480878513441
2,MRK,2023-01-09,2023-01-09,1,2023-01-09,0.0003662774106487,0.0028087306597129407,0.1304067406328432,0.002442453249064241
2,ACN,2024-10-30,2024-10-30,1,2024-10-30,0.000367802536212,0.0028087306597129407,0.13094973522651343,0.0024409281235009406
2,JPM,2024-08-02,2024-08-02,1,2024-08-02,0.0003802725943084,0.0028087306597129407,0.13538948385576594,0.002428458065404541
2,ALLE,2023-12-08,2023-12-08,1,2023-12-08,0.0003810118105017,0.0028087306597129407,0.13565266900338543,0.0024277188492112405
2,FDX,2024-06-26,2024-06-26,1,2024-06-26,0.0003874426913474,0.0028087306597129407,0.13794227296504025,0.002421287968365541
2,GS,2023-11-03,2023-11-03,1,2023-11-03,0.0003887737141061,0.0028087306597129407,0.13841616061037113,0.0024199569456068407
2,JPM,2023-10-27,2023-10-27,1,2023-10-27,0.0003894157654637,0.0028087306597129407,0.13864475189781966,0.0024193148942492407
2,ADBE,2023-05-25,2023-05-25,1,2023-05-25,0.0003990624823927,0.0028087306597129407,0.14207929870836572,0.0024096681773202407
2,CVX,2023-10-11,2023-10-11,1,2023-10-11,0.0004016772615917,0.0028087306597129407,0.1430102456434012,0.0024070533981212405
2,LNT,2024-11-11,2024-11-11,1,2024-11-11,0.0004123567279228,0.0028087306597129407,0.1468124850265792,0.0023963739317901405
2,EL,2024-08-13,2024-08-13,1,2024-08-13,0.0004150035289057,0.0028087306597129407,0.14775483276424747,0.002393727130807241
2,MMM,2024-10-28,2024-10-28,1,2024-10-28,0.0004303432237874,0.0028087306597129407,0.15321626596669904,0.0023783874359255405
2,TMUS,2024-06-12,2024-06-12,1,2024-06-12,0.0004381113147246,0.0028087306597129407,0.15598196046657462,0.002370619344988341
2,LEN,2024-11-25,2024-11-25,1,2024-11-25,0.0004402303259121,0.0028087306597129407,0.15673639777090362,0.0023685003338008406
2,ALB,2024-08-15,2024-08-15,1,2024-08-15,0.0004475117642869,0.0028087306597129407,0.15932882803815615,0.0023612188954260406
2,LIN,2024-02-06,2024-02-06,1,2024-02-06,0.0004489935858752,0.0028087306597129407,0.1598564050000751,0.002359737073837741
2,ARE,2024-07-24,2024-07-24,1,2024-07-24,0.0004544234123992,0.0028087306597129407,0.16178960087459693,0.0023543072473137406
2,TSLA,2024-11-06,2024-11-06,1,2024-11-06,0.0004679857179565,0.0028087306597129407,0.1666182253318406,0.0023407449417564407
2,GOOGL,2023-02-02,2023-02-02,1,2023-02-02,0.0004690339714712,0.0028087306597129407,0.16699143787576146,0.0023396966882417406
2,TSLA,2024-10-24,2024-10-24,1,2024-10-24,0.0004732183280931,0.0028087306597129407,0.16848120572068812,0.0023355123316198406
2,BLK,2023-11-02,2023-11-02,1,2023-11-02,0.0004791632841564,0.0028087306597129407,0.17059780456320853,0.0023295673755565406
2,BKNG,2024-07-25,2024-07-25,1,2024-07-25,0.0004818383788612,0.0028087306597129407,0.1715502257914773,0.002326892280851741
2,CPB,2023-10-13,2023-10-13,1,2023-10-13,0.0005091216199313,0.0028087306597129407,0.18126395215956148,0.002299609039781641
2,XOM,2024-04-26,2024-04-26,1,2024-04-26,0.0005196637127179,0.0028087306597129407,0.18501728206684329,0.0022890669469950407
2,ALL,2023-07-20,2023-07-20,1,2023-07-20,0.00053884578568,0.0028087306597129407,0.1918467275659217,0.0022698848740329404
2,MA,2024-07-31,2024-07-31,1,2024-07-31,0.0005457479778366,0.0028087306597129407,0.19430413377279002,0.0022629826818763407
2,LLY,2023-08-08,2023-08-08,1,2023-08-08,0.0005460202415482,0.0028087306597129407,0.1944010685609864,0.002262710418164741
2,UNH,2024-11-06,2024-11-06,1,2024-11-06,0.0005529627730873,0.0028087306597129407,0.196872836907692,0.0022557678866256406
2,CMCSA,2024-11-06,2024-11-06,1,2024-11-06,0.0005743403392108,0.0028087306597129407,0.204483949795848,0.0022343903205021406
2,UNH,2024-06-28,2024-06-28,1,2024-06-28,0.0005764608211999,0.0028087306597129407,0.20523891075366255,0.0022322698385130405
2,INTC,2024-07-08,2024-07-08,1,2024-07-08,0.000579045705308,0.0028087306597129407,0.20615921405834617,0.0022296849544049405
2,GE,2024-03-07,2024-03-07,1,2024-03-07,0.0005959699440912,0.0028087306597129407,0.21218479672668564,0.002212760715621741
2,PHM,2024-01-23,2024-01-23,1,2024-01-23,0.0006009858997761,0.0028087306597129407,0.213970641043069,0.0022077447599368407
2,INTC,2024-04-03,2024-04-03,1,2024-04-03,0.0006048510485319,0.0028087306597129407,0.2153467604450607,0.002203879611181041
2,AES,2024-09-11,2024-09-11,1,2024-09-11,0.0006215575830234,0.0028087306597129407,0.2212948332635514,0.0021871730766895407
2,CSCO,2023-09-21,2023-09-21,1,2023-09-21,0.000638038742727,0.0028087306597129407,0.22716266528461262,0.002170691916985941
2,LW,2023-10-05,2023-10-05,1,2023-10-05,0.0006395907552359,0.0028087306597129407,0.22771523251049916,0.0021691399044770406
2,GS,2024-03-21,2024-03-21,1,2024-03-21,0.0006808991360458,0.0028087306597129407,0.24242236744600834,0.0021278315236671406
2,CVX,2023-10-23,2023-10-23,1,2023-10-23,0.0006919739525377,0.0028087306597129407,0.24636536441996237,0.0021167567071752407
2,GOOG,2024-11-21,2024-11-21,1,2024-11-21,0.0006935947545503,0.0028087306597129407,0.24694242295955396,0.0021151359051626408
2,ABT,2023-10-18,2023-10-18,1,2023-10-18,0.0007118964006319,0.0028087306597129407,0.25345840768678674,0.0020968342590810406
2,ABNB,2024-02-15,2024-02-15,1,2024-02-15,0.0007172859479699,0.0028087306597129407,0.25537726285339457,0.002091444711743041
2,PG,2024-11-06,2024-11-06,1,2024-11-06,0.0007668461539172,0.0028087306597129407,0.2730223174889876,0.0020418845057957407
2,LW,2024-12-13,2024-12-13,1,2024-12-13,0.0007758749895098,0.0028087306597129407,0.27623687833033317,0.0020328556702031405
2,UNH,2024-12-05,2024-12-05,1,2024-12-05,0.0008068951331855,0.0028087306597129407,0.28728106427547834,0.0020018355265274406
2,MO,2024-02-01,2024-02-01,1,2024-02-01,0.0008254847808226,0.0028087306597129407,0.2938995869781856,0.0019832458788903405
2,TMUS,2023-04-28,2023-04-28,1,2023-04-28,0.0008378547049384,0.0028087306597129407,0.2983036846345498,0.0019708759547745406
2,MCD,2024-07-29,2024-07-29,1,2024-07-29,0.0008419221837054,0.0028087306597129407,0.2997518401395763,0.0019668084760075407
2,MRK,2024-03-27,2024-03-27,1,2024-03-27,0.0008424310197976,0.0028087306597129407,0.2999330024345227,0.0019662996399153407
2,MSFT,2023-10-26,2023-10-26,1,2023-10-26,0.0008498183410968,0.0028087306597129407,0.30256313048672795,0.0019589123186161406
2,BAC,2023-03-09,2023-03-09,1,2023-03-09,0.0008959805103507,0.0028087306597129407,0.3189983728957021,0.0019127501493622408
2,INTU,2024-11-06,2024-11-06,1,2024-11-06,0.0009508973041527,0.0028087306597129407,0.33855054804360774,0.0018578333555602407
2,DHR,2024-10-22,2024-10-22,1,2024-10-22,0.0009819489600236,0.0028087306597129407,0.34960595336113776,0.0018267816996893407
2,COF,2024-11-06,2024-11-06,1,2024-11-06,0.0010000857943707,0.0028087306597129407,0.35606325971921826,0.0018086448653422407
2,ADBE,2024-02-16,2024-02-16,1,2024-02-16,0.001001083280001,0.0028087306597129407,0.35641839723546626,0.0018076473797119406
2,PG,2023-10-18,2023-10-18,1,2023-10-18,0.0010141973910018,0.0028087306597129407,0.3610874497683069,0.0017945332687111406
2,LIN,2023-07-05,2023-07-05,1,2023-07-05,0.0010450907893755,0.0028087306597129407,0.37208651023957945,0.0017636398703374408
2,DE,2023-04-05,2023-04-05,1,2023-04-05,0.0010664163254508,0.0028087306597129407,0.3796790987284592,0.0017423143342621408
2,TMUS,2024-10-24,2024-10-24,1,2024-10-24,0.001072382007941,0.0028087306597129407,0.38180307685700277,0.0017363486517719406
2,C,2024-01-30,2024-01-30,1,2024-01-30,0.0010859891483354,0.0028087306597129407,0.3866476639829861,0.0017227415113775406
2,LULU,2024-11-01,2024-11-01,1,2024-11-01,0.0010965504348505,0.0028087306597129407,0.3904078274855198,0.0017121802248624407
2,CSCO,2023-04-19,2023-04-19,1,2023-04-19,0.001107411667787,0.0028087306597129407,0.39427478172655406,0.0017013189919259407
2,DHR,2024-01-30,2024-01-30,1,2024-01-30,0.0011101696824577,0.0028087306597129407,0.3952567251753367,0.0016985609772552407
2,CMG,2024-04-25,2024-04-25,1,2024-04-25,0.0011103626962418,0.0028087306597129407,0.39532544439675177,0.0016983679634711406
2,AMD,2024-02-22,2024-02-22,1,2024-02-22,0.0011517610294201,0.0028087306597129407,0.41006460531812366,0.0016569696302928406
2,AFL,2024-10-31,2024-10-31,1,2024-10-31,0.0011942571284072,0.0028087306597129407,0.4251946067798669,0.0016144735313057407
2,MRK,2023-08-23,2023-08-23,1,2023-08-23,0.0012019647729175,0.0028087306597129407,0.42793878037431465,0.0016067658867954407
2,UNH,2023-07-14,2023-07-14,1,2023-07-14,0.0012030527879687,0.0028087306597129407,0.42832614932599306,0.0016056778717442406
2,TMO,2023-04-25,2023-04-25,1,2023-04-25,0.0012114500183088,0.0028087306597129407,0.4313158380350408,0.0015972806414041407
2,PG,2024-04-03,2024-04-03,1,2024-04-03,0.0012275193531119,0.0028087306597129407,0.4370370469190362,0.0015812113066010407
2,AFL,2023-12-14,2023-12-14,1,2023-12-14,0.0012380751572588,0.0028087306597129407,0.4407952585191399,0.0015706555024541406
2,DHI,2024-07-11,2024-07-11,1,2024-07-11,0.0012404417604557,0.0028087306597129407,0.44163784667856915,0.0015682888992572407
2,GOOGL,2024-12-10,2024-12-11,2,2024-12-11,0.0012800630647689,0.0028087306597129407,0.45574432719003594,0.0015286675949440407
2,MMM,2023-10-24,2023-10-24,1,2023-10-24,0.0012810104302237,0.0028087306597129407,0.45608162028416865,0.0015277202294892408
2,AAPL,2024-03-21,2024-03-21,1,2024-03-21,0.0012815194019215,0.0028087306597129407,0.45626283085914493,0.0015272112577914406
2,ORCL,2023-05-25,2023-05-25,1,2023-05-25,0.0013411313035855,0.0028087306597129407,0.47748661800222847,0.0014675993561274407
2,UNH,2023-04-03,2023-04-03,1,2023-04-03,0.0013524353945589,0.0028087306597129407,0.48151124419210856,0.0014562952651540407
2,JNJ,2024-07-17,2024-07-17,1,2024-07-17,0.0013704606458001,0.0028087306597129407,0.48792882331414594,0.0014382700139128407
2,PLTR,2024-08-06,2024-08-06,1,2024-08-06,0.0013785148221359,0.0028087306597129407,0.49079637357495415,0.0014302158375770408
2,WMT,2024-02-20,2024-02-20,1,2024-02-20,0.001398008975957,0.0028087306597129407,0.49773693006928615,0.0014107216837559407
2,GE,2024-04-03,2024-04-03,1,2024-04-03,0.0014350208731533,0.0028087306597129407,0.5109143762826881,0.0013737097865596406
2,RTX,2023-09-11,2023-09-11,1,2023-09-11,0.0014722331346699,0.0028087306597129407,0.5241631587488584,0.0013364975250430406
2,RTX,2024-11-14,2024-11-14,1,2024-11-14,0.0015259373958542,0.0028087306597129407,0.5432836326179294,0.0012827932638587408
2,MO,2023-02-01,2023-02-01,1,2023-02-01,0.0015374480705456,0.0028087306597129407,0.5473818093696214,0.0012712825891673407
2,AAPL,2024-05-03,2024-05-03,1,2024-05-03,0.001557551811796,0.0028087306597129407,0.5545393989308984,0.0012511788479169408
2,DUK,2024-10-07,2024-10-07,1,2024-10-07,0.0015698100430502,0.0028087306597129407,0.5589037302745997,0.0012389206166627407
2,MA,2024-08-05,2024-08-05,1,2024-08-05,0.0016137676958654,0.0028087306597129407,0.574554092712589,0.0011949629638475408
2,JNJ,2023-07-31,2023-07-31,1,2023-07-31,0.0016151157248846,0.0028087306597129407,0.5750340351430026,0.0011936149348283408
2,ACN,2023-09-28,2023-09-28,1,2023-09-28,0.0016263291370705,0.0028087306597129407,0.5790263767180563,0.0011824015226424406
2,GOOG,2023-07-26,2023-07-26,1,2023-07-26,0.0016386626039699,0.0028087306597129407,0.5834174944127165,0.0011700680557430406
2,MU,2023-04-10,2023-04-10,1,2023-04-10,0.0016683537127391,0.0028087306597129407,0.5939885004529448,0.0011403769469738407
2,JNJ,2024-05-01,2024-05-01,1,2024-05-01,0.0016808885047794,0.0028087306597129407,0.5984512964839395,0.0011278421549335406
2,C,2024-08-02,2024-08-02,1,2024-08-02,0.0016897812505097,0.0028087306597129407,0.6016174048822467,0.0011189494092032407
2,TMO,2024-07-24,2024-07-24,1,2024-07-24,0.0016970060125458,0.0028087306597129407,0.6041896565188056,0.0011117246471671408
2,DE,2024-08-15,2024-08-15,1,2024-08-15,0.0017011730652787,0.0028087306597129407,0.6056732636131669,0.0011075575944342407
2,INTU,2023-10-25,2023-10-25,1,2023-10-25,0.0017094050582575,0.0028087306597129407,0.6086041224159975,0.0010993256014554407
2,ABNB,2023-10-03,2023-10-03,1,2023-10-03,0.0017210627622262,0.0028087306597129407,0.6127546464003412,0.0010876678974867408
2,BMY,2024-10-31,2024-10-31,1,2024-10-31,0.0017488738840689,0.0028087306597129407,0.6226563155926241,0.0010598567756440406
2,ALL,2023-12-14,2023-12-14,1,2023-12-14,0.0017646523366541,0.0028087306597129407,0.6282739608910923,0.0010440783230588407
2,GOOGL,2024-11-21,2024-11-21,1,2024-11-21,0.0017686984865576,0.0028087306597129407,0.6297145226229579,0.0010400321731553407
2,ABBV,2024-10-30,2024-10-30,1,2024-10-30,0.0018231238428111,0.0028087306597129407,0.6490917299266523,0.0009856068169018406
2,PM,2023-09-28,2023-09-28,1,2023-09-28,0.0018526479466042,0.0028087306597129407,0.6596032767319687,0.0009560827131087407
2,ACN,2023-03-23,2023-03-23,1,2023-03-23,0.0018580479876878,0.0028087306597129407,0.6615258680153039,0.0009506826720251406
2,MAR,2024-07-31,2024-07-31,1,2024-07-31,0.0019075260420019,0.0028087306597129407,0.6791416739819596,0.0009012046177110406
2,CRM,2024-09-19,2024-09-19,1,2024-09-19,0.0019130209439026,0.0028087306597129407,0.68109803881947,0.0008957097158103406
2,CRM,2024-11-11,2024-11-11,1,2024-11-11,0.0019217384347159,0.0028087306597129407,0.6842017507340155,0.0008869922249970406
2,LNT,2024-11-01,2024-11-01,1,2024-11-01,0.0019221727824315,0.0028087306597129407,0.6843563927300708,0.0008865578772814407
2,ABBV,2024-04-26,2024-04-26,1,2024-04-26,0.0019790523995955,0.0028087306597129407,0.7046073972068807,0.0008296782601174405
2,MAR,2024-02-13,2024-02-13,1,2024-02-13,0.0020072772963127,0.0028087306597129407,0.714656383790765,0.0008014533634002406
2,NFLX,2023-03-23,2023-03-23,1,2023-03-23,0.0020100898053507,0.0028087306597129407,0.7156577290170415,0.0007986408543622409
2,GE,2024-04-23,2024-04-23,1,2024-04-23,0.0020256086582473,0.0028087306597129407,0.7211829483337937,0.0007831220014656408
2,STZ,2023-07-19,2023-07-19,1,2023-07-19,0.0020370173576035,0.0028087306597129407,0.7252448185301215,0.0007717133021094406
2,DE,2023-08-18,2023-08-18,1,2023-08-18,0.0020737377670836,0.0028087306597129407,0.738318485580793,0.0007349928926293405
2,C,2024-11-06,2024-11-06,1,2024-11-06,0.0020803015987008,0.0028087306597129407,0.7406554243664688,0.0007284290610121407
2,GOOGL,2023-07-26,2023-07-26,1,2023-07-26,0.0021058473382557,0.0028087306597129407,0.7497505433543147,0.0007028833214572407
2,WFC,2024-07-12,2024-07-12,1,2024-07-12,0.0021381057192532,0.0028087306597129407,0.7612355822938607,0.0006706249404597408
2,COP,2024-10-31,2024-10-31,1,2024-10-31,0.0021644840216183,0.0028087306597129407,0.7706271208786946,0.0006442466380946407
2,GOOG,2024-12-10,2024-12-11,2,2024-12-11,0.0022083978110458,0.0028087306597129407,0.7862618665157106,0.0006003328486671408
2,ABT,2024-07-18,2024-07-18,1,2024-07-18,0.0022101245878729,0.0028087306597129407,0.7868766555561366,0.0005986060718400407
2,RCL,2024-11-06,2024-11-06,1,2024-11-06,0.0022173379042406,0.0028087306597129407,0.7894448321603104,0.0005913927554723405
2,HD,2024-11-06,2024-11-06,1,2024-11-06,0.0022235223625198,0.0028087306597129407,0.7916467016267945,0.0005852082971931406
2,CRM,2024-04-15,2024-04-15,1,2024-04-15,0.0022244153704377,0.0028087306597129407,0.7919646416595321,0.0005843152892752407
2,PHM,2024-10-22,2024-10-22,1,2024-10-22,0.0023116472436172,0.0028087306597129407,0.8230220422251012,0.0004970834160957405
2,MSFT,2024-01-31,2024-01-31,1,2024-01-31,0.0023135720393232,0.0028087306597129407,0.8237073324644282,0.0004951586203897408
2,CL,2023-01-27,2023-01-27,1,2023-01-27,0.002314030157221,0.0028087306597129407,0.8238704374229673,0.0004947005024919407
2,STZ,2023-10-05,2023-10-05,1,2023-10-05,0.0023187710346671,0.0028087306597129407,0.8255583448873963,0.0004899596250458405
2,EMR,2023-02-08,2023-02-08,1,2023-02-08,0.0023245171201919,0.0028087306597129407,0.8276041393123368,0.0004842135395210405
2,AXP,2024-11-06,2024-11-06,1,2024-11-06,0.0023720312425499,0.0028087306597129407,0.8445207212543219,0.0004366994171630407
2,GE,2024-09-03,2024-09-03,1,2024-09-03,0.0023759212241808,0.0028087306597129407,0.8459056819722347,0.0004328094355321409
2,V,2024-03-22,2024-03-22,1,2024-03-22,0.0023763206476966,0.0028087306597129407,0.8460478898106469,0.0004324100120163409
2,COP,2023-04-03,2023-04-03,1,2023-04-03,0.0023847084924151,0.0028087306597129407,0.8490342369313629,0.00042402216729784054
2,GOOGL,2024-07-24,2024-07-24,1,2024-07-24,0.0024119846855076,0.0028087306597129407,0.8587454539888532,0.0003967459742053405
2,MHK,2023-11-14,2023-11-14,1,2023-11-14,0.0024273528419143,0.0028087306597129407,0.8642170204252982,0.0003813778177986409
2,AVGO,2023-09-01,2023-09-01,1,2023-09-01,0.0024509900089469,0.0028087306597129407,0.8726326251579415,0.0003577406507660405
2,UNH,2023-11-30,2023-11-30,1,2023-11-30,0.002451150276344,0.0028087306597129407,0.8726896855943153,0.0003575803833689409
2,CCL,2024-06-25,2024-06-25,1,2024-06-25,0.0024764199605366,0.0028087306597129407,0.8816865198422751,0.0003323106991763407
2,AOS,2023-10-26,2023-10-26,1,2023-10-26,0.0025341365135924,0.0028087306597129407,0.9022355008761841,0.00027459414612054055
2,LOW,2024-11-19,2024-11-19,1,2024-11-19,0.0025385212803516,0.0028087306597129407,0.9037966212862302,0.0002702093793613405
2,COST,2024-11-08,2024-11-08,1,2024-11-08,0.0025693960584855,0.0028087306597129407,0.9147890523429892,0.00023933460122744056
2,JNJ,2023-04-05,2023-04-05,1,2023-04-05,0.0025879700799123,0.0028087306597129407,0.921402011603632,0.00022076057980064063
2,CAT,2023-12-14,2023-12-14,1,2023-12-14,0.002602856918141,0.0028087306597129407,0.9267022130228103,0.00020587374157194065
2,A,2023-04-25,2023-04-25,1,2023-04-25,0.002614643784788,0.0028087306597129407,0.9308987231460717,0.00019408687492494065
2,DIS,2024-08-07,2024-08-07,1,2024-08-07,0.0026154045442429,0.0028087306597129407,0.9311695783995895,0.00019332611547004082
2,MO,2024-07-31,2024-07-31,1,2024-07-31,0.0026298710057744,0.0028087306597129407,0.9363201119623122,0.00017885965393854087
2,AXP,2024-04-19,2024-04-19,1,2024-04-19,0.0026405846699465,0.0028087306597129407,0.9401345268956384,0.00016814598976644087
2,GILD,2023-11-08,2023-11-08,1,2023-11-08,0.0026618773037019,0.0028087306597129407,0.9477154010822635,0.0001468533560110407
2,EMR,2024-05-08,2024-05-08,1,2024-05-08,0.0027245462852685,0.0028087306597129407,0.9700276086803408,8.41843744444409e-05
2,APTV,2024-06-26,2024-06-26,1,2024-06-26,0.0027502476173443,0.0028087306597129407,0.979178123695699,5.848304236864051e-05
2,CL,2023-12-14,2023-12-14,1,2023-12-14,0.0027908701253181,0.0028087306597129407,0.9936410654638327,1.786053439484063e-05
