ticker,start,end,n_missed_seeds,missed_seeds,mean_score_ratio,miss_type_50,miss_type_75,label_return_abs_z3,label_volume_z2,label_volratio_1p5,panel_return_extreme,panel_volume_extreme,panel_gap_extreme,max_abs_z_return,max_volume_z,max_vol_ratio_5_20,max_abs_gap,max_abs_log_return_1d,peak_return_date
IBM,2023-09-26,2023-09-26,3,"0,1,2",0.0220168012068813,hard_miss,hard_or_mid,True,False,True,False,False,False,3.036954821320981,0.7824668071813318,1.6085364068382326,0.0066221583691884,0.0223673736856787,2023-09-26
PM,2024-11-06,2024-11-06,3,"0,1,2",0.0236639974807892,hard_miss,hard_or_mid,True,True,False,True,False,False,3.63435542086944,2.0920831780816083,0.8855653184457916,0.0059761887220454,0.0534496590159375,2024-11-06
ALL,2023-01-19,2023-01-19,3,"0,1,2",0.0317857499977247,hard_miss,hard_or_mid,True,True,False,True,False,True,4.259989740870168,2.9832259630745805,1.3155556871844645,0.048176455178834,0.0606247140723773,2023-01-19
COST,2023-11-16,2023-11-16,3,"0,1,2",0.0366968184902312,hard_miss,hard_or_mid,True,True,False,False,False,True,3.2409242282945234,2.001967092366509,1.463393779069879,0.0174268713725958,0.0309717034538926,2023-11-16
MA,2024-11-06,2024-11-06,3,"0,1,2",0.0391327214456971,hard_miss,hard_or_mid,True,False,True,False,False,True,3.23088507596522,1.8076516862929848,1.731951173766702,0.0302633623625747,0.0303327378161429,2024-11-06
JNJ,2023-01-09,2023-01-09,3,"0,1,2",0.051390993179047,hard_miss,hard_or_mid,True,False,True,False,False,False,3.148109526943334,0.7315203658973624,1.500782351524029,0.0052702404557004,0.0262497848661632,2023-01-09
UNH,2023-12-14,2023-12-14,3,"0,1,2",0.0538000318954489,hard_miss,hard_or_mid,True,True,False,False,False,False,3.0633025730325323,2.435033030482627,1.1261326933968674,0.0085790635740259,0.0272714606749351,2023-12-14
PG,2024-11-08,2024-11-08,3,"0,1,2",0.0556679611864417,hard_miss,hard_or_mid,True,False,True,False,False,False,3.0107415918083444,0.5755975501160039,1.7024668074076068,0.003733007790277,0.0259739971282341,2024-11-08
AOS,2023-06-02,2023-06-02,3,"0,1,2",0.0580758646706912,hard_miss,hard_or_mid,True,False,True,True,False,False,4.010864914532658,0.7116332763456495,1.631487679095377,0.0133168153982597,0.0576142627281168,2023-06-02
WFC,2023-03-07,2023-03-07,3,"0,1,2",0.0581131729818453,hard_miss,hard_or_mid,True,False,True,False,False,False,4.024393318494902,1.208643851951862,1.5072395327766086,0.0094361236790068,0.0478792415461379,2023-03-07
LOW,2024-11-25,2024-11-25,3,"0,1,2",0.0584262060440432,hard_miss,hard_or_mid,True,True,True,False,False,False,3.073872185055858,2.1659449272739195,1.5308538014477904,0.0160948690235531,0.0394124884800284,2024-11-25
CSCO,2024-04-09,2024-04-09,3,"0,1,2",0.0593053131389754,hard_miss,hard_or_mid,True,False,True,False,False,False,3.7720833238297895,1.2507747129132518,1.6027341262638006,0.0124376500194319,0.0360342373787945,2024-04-09
LMT,2024-10-01,2024-10-01,3,"0,1,2",0.0605214331043441,hard_miss,hard_or_mid,True,True,False,True,False,False,3.159806719975654,2.4690604279978934,1.2483169973979222,0.0026686594305381,0.0357894785415687,2024-10-01
MA,2024-07-10,2024-07-10,3,"0,1,2",0.0684124644034704,hard_miss,hard_or_mid,True,True,False,False,False,True,3.127661459029467,2.5381539606425294,1.163596082366157,0.0226895703538593,0.0251852527401979,2024-07-10
MRK,2023-03-06,2023-03-06,3,"0,1,2",0.0749941334978842,hard_miss,hard_or_mid,True,True,False,True,False,False,3.147885160200324,2.480482492396812,1.4868763920205368,0.0072979341337663,0.0387239688334135,2023-03-06
GS,2023-11-03,2023-11-03,3,"0,1,2",0.0750293515444788,hard_miss,hard_or_mid,True,True,False,False,False,False,3.387681529426767,2.101119495324129,0.7921605202346144,0.0149795911032475,0.043226038680974,2023-11-03
UNH,2024-01-12,2024-01-12,3,"0,1,2",0.0754726130021711,hard_miss,hard_or_mid,True,True,False,False,False,True,3.785319790794725,2.6934035075674254,1.136586238709287,0.038578668714232,0.0342481366255615,2024-01-12
MMM,2024-10-28,2024-10-28,3,"0,1,2",0.0780102659690306,hard_miss,hard_or_mid,True,False,True,False,False,False,3.9267515447950783,1.2119069906982949,1.826809389923336,0.0152305167150439,0.0434509919624554,2024-10-28
LNT,2024-11-11,2024-11-11,3,"0,1,2",0.0796847577022239,hard_miss,hard_or_mid,True,True,False,True,False,False,3.2919506940164807,2.563882096493983,1.2038633633642382,0.0005195663385621,0.0368870661500925,2024-11-11
ALL,2024-07-18,2024-07-18,3,"0,1,2",0.0838141125349203,hard_miss,hard_or_mid,True,True,False,False,False,False,3.1525495337145344,2.1428330440129364,0.8173782647466985,0.0164030805887868,0.0344892024016647,2024-07-18
UNH,2024-11-06,2024-11-06,3,"0,1,2",0.0850493609838755,hard_miss,hard_or_mid,True,True,False,True,False,True,3.6055262187581136,2.7931119825300628,0.930600449842762,0.0650230322433146,0.0509854833459009,2024-11-06
MA,2024-07-31,2024-07-31,3,"0,1,2",0.0854512264505349,hard_miss,hard_or_mid,True,True,False,True,False,True,3.8363547178800697,2.125293999915653,0.9891732987721722,0.0325175136555516,0.035694455411459,2024-07-31
PG,2024-08-01,2024-08-01,3,"0,1,2",0.0860602667036103,hard_miss,hard_or_mid,True,True,True,True,False,False,3.020928952446368,2.569283983042987,1.7448186734778484,0.0007465522420555,0.0302060852115388,2024-08-01
CVX,2024-06-03,2024-06-03,3,"0,1,2",0.0875734710810425,hard_miss,hard_or_mid,True,False,True,False,False,False,3.3537868152693697,0.891802824566282,1.5872692659081702,0.0049906502035313,0.0302748999492573,2024-06-03
JPM,2024-08-02,2024-08-02,3,"0,1,2",0.0939240752815015,hard_miss,hard_or_mid,True,True,False,True,False,False,3.279681637329562,2.622660980180424,1.2286496561175126,0.0196191826618672,0.0433377112054462,2024-08-02
DHR,2023-07-27,2023-07-27,3,"0,1,2",0.0948763578442642,hard_miss,hard_or_mid,True,False,True,False,False,False,3.0102450936351945,0.7675202816196951,1.7430984336310549,0.0024538951942658,0.0369172143912938,2023-07-27
ALL,2023-07-20,2023-07-20,3,"0,1,2",0.0966466617956176,hard_miss,hard_or_mid,True,False,True,True,False,False,4.325254317493129,1.5173647635179095,1.5515379103497575,0.010019908331069,0.0568643882929057,2023-07-20
RCL,2024-08-02,2024-08-02,3,"0,1,2",0.1002870415023328,hard_miss,hard_or_mid,True,True,False,False,False,False,3.054212549205162,2.187797568598499,1.0722971124997631,0.0309946337423716,0.064425906664574,2024-08-02
CVX,2023-10-23,2023-10-23,3,"0,1,2",0.1017219392522266,hard_miss,hard_or_mid,True,True,False,False,False,False,3.144429937727016,3.141700226010616,1.118527363500786,0.0211591660747883,0.0375604846869375,2023-10-23
BKNG,2024-07-25,2024-07-25,3,"0,1,2",0.103500384607841,hard_miss,hard_or_mid,True,True,False,False,False,False,3.053884708250035,2.456033674595953,1.1140141744476713,0.0051973615366238,0.0390906396174126,2024-07-25
XOM,2024-04-26,2024-04-26,3,"0,1,2",0.1090651470763418,hard_miss,hard_or_mid,True,True,False,False,False,False,3.210609796006749,2.36910179508991,1.2671255040083906,0.0192038353378907,0.0281685411532556,2024-04-26
LEN,2024-11-25,2024-11-25,3,"0,1,2",0.1113864586827843,hard_miss,hard_or_mid,True,True,False,False,False,False,3.0913481445045874,2.0037815999808037,0.9940842534731564,0.0167287414617456,0.0545804041623043,2024-11-25
INTC,2024-07-08,2024-07-08,3,"0,1,2",0.1231613125744608,hard_miss,hard_or_mid,True,True,False,False,False,False,3.0426444246848345,2.0054045716523774,1.414990231050553,0.0315427132603487,0.0597056722059917,2024-07-08
ARE,2024-07-24,2024-07-24,3,"0,1,2",0.1254197085715348,hard_miss,hard_or_mid,True,True,False,False,False,False,3.201370757516964,2.047630624407953,0.8806430391650477,0.0034594323016723,0.0492969055246543,2024-07-24
CVX,2023-10-11,2023-10-11,3,"0,1,2",0.1264450466815745,hard_miss,hard_or_mid,True,True,False,False,False,False,3.021262214344161,2.212958160251796,1.4718829508830158,0.008826788946647,0.0332103184757543,2023-10-11
UNH,2024-12-05,2024-12-05,3,"0,1,2",0.1392817536257664,hard_miss,hard_or_mid,True,True,False,True,False,False,3.1034764177230643,2.0749422639275443,1.155164067282964,0.0084315891236626,0.053502498218258,2024-12-05
INTU,2024-05-30,2024-05-30,3,"0,1,2",0.1452440652938703,hard_miss,hard_or_mid,True,True,False,True,False,False,3.2045905823674947,3.075472476214744,1.2604589442105436,0.0164135224628948,0.0608324202675459,2024-05-30
JPM,2023-03-15,2023-03-15,3,"0,1,2",0.1527526353384163,hard_miss,hard_or_mid,True,True,True,True,False,True,3.413305574519702,2.93763284722392,1.6552768434247305,0.0270392125432854,0.0483966945499224,2023-03-15
ALLE,2023-12-08,2023-12-08,3,"0,1,2",0.15360614023725,hard_miss,hard_or_mid,True,True,True,True,False,False,3.8273822975755913,3.128843651560702,1.501184605473696,0.0181748623513974,0.0487493140549826,2023-12-08
MCD,2024-07-29,2024-07-29,3,"0,1,2",0.1547522365902718,hard_miss,hard_or_mid,True,True,False,True,False,False,3.1714908587918487,3.176117849937728,1.3212255748375352,0.0061508197528985,0.0366992871172523,2024-07-29
CPB,2023-10-13,2023-10-13,3,"0,1,2",0.157104785099848,hard_miss,hard_or_mid,True,False,True,True,False,False,3.750383906451618,1.3020242117243994,1.5426722634684795,0.0176035314305416,0.0424389243354663,2023-10-13
TMUS,2024-06-12,2024-06-12,3,"0,1,2",0.1572549159272152,hard_miss,hard_or_mid,True,True,False,False,False,False,3.755878326844966,3.056593862365575,0.9196907848341004,0.0085201205547677,0.0261805532841853,2024-06-12
ALB,2024-08-15,2024-08-15,3,"0,1,2",0.162369145295258,hard_miss,hard_or_mid,True,False,True,False,False,False,3.0466119357998025,1.9138110925816427,1.536430221370261,0.0178448812475087,0.0828158696183987,2024-08-15
DE,2024-11-08,2024-11-08,3,"0,1,2",0.1627968279563829,hard_miss,hard_or_mid,True,False,True,False,False,False,3.537071051541095,1.1169504609045884,1.5618602402840631,0.0220353037824608,0.0424793608465228,2024-11-08
AVGO,2023-05-02,2023-05-02,3,"0,1,2",0.1647937553837643,hard_miss,hard_or_mid,True,False,True,False,False,False,3.075398133095474,1.1543739061207658,1.5845050378585823,0.0191080349375987,0.0409721645204846,2023-05-02
BLK,2023-11-02,2023-11-02,3,"0,1,2",0.1656564086626001,hard_miss,hard_or_mid,True,True,False,True,False,False,4.269783354485949,2.262803729030169,1.2876138220711013,0.0122686038856442,0.0448715037184782,2023-11-02
RCL,2024-08-06,2024-08-06,3,"0,1,2",0.1672092863962715,hard_miss,hard_or_mid,True,True,False,True,False,True,3.181869992143961,2.394093543453486,1.423491306034332,0.0438576910614455,0.0723688456165498,2024-08-06
WFC,2023-03-09,2023-03-09,3,"0,1,2",0.1707821283670629,hard_miss,hard_or_mid,True,True,True,True,False,False,4.75072147746519,2.462217353301293,1.5600429196554184,0.0091240691072729,0.0638087841627516,2023-03-09
COF,2024-06-11,2024-06-11,3,"0,1,2",0.1728619171624557,hard_miss,hard_or_mid,True,False,True,False,False,False,3.033780423447787,0.3844390938671017,1.583068042390673,0.005251845659493,0.0417390647861025,2024-06-11
INTU,2024-11-06,2024-11-06,3,"0,1,2",0.1753888843547398,hard_miss,hard_or_mid,True,True,True,False,False,True,3.008661268565171,3.0873217340044623,1.6374398989488974,0.0392514661318546,0.0466617752384009,2024-11-06
INTU,2024-11-19,2024-11-19,3,"0,1,2",0.1786235453054564,hard_miss,hard_or_mid,True,True,False,False,False,True,3.748014164739496,2.5184194982502586,0.9647396844059872,0.0629188285622363,0.0523784768372748,2024-11-19
DE,2023-12-13,2023-12-13,3,"0,1,2",0.1789049844190655,hard_miss,hard_or_mid,True,True,False,False,False,False,3.530097672960542,2.2823429756744598,1.3033354169680724,0.0001114306240279,0.047863440465777,2023-12-13
LW,2024-12-13,2024-12-13,3,"0,1,2",0.1798096998402611,hard_miss,hard_or_mid,True,True,False,False,False,False,3.301367763910881,3.0421694761749976,1.3688348342114616,0.0166373845755759,0.0656913808576682,2024-12-13
GS,2024-03-21,2024-03-21,3,"0,1,2",0.1823783065394396,hard_miss,hard_or_mid,True,True,False,False,False,False,4.217079971033102,2.442814710298418,1.4978550582886776,0.0083233487757517,0.042564771101085,2024-03-21
LIN,2024-02-06,2024-02-06,3,"0,1,2",0.1879569627693707,hard_miss,hard_or_mid,True,False,True,True,False,True,3.3864066866574816,1.7562369242112268,1.745047907447291,0.0355939030310787,0.0365886236660306,2024-02-06
LIN,2023-07-05,2023-07-05,3,"0,1,2",0.1988514942064894,hard_miss,hard_or_mid,True,True,False,False,False,False,3.241614230351388,2.5722860390194957,1.1782047816825088,0.0186163551818852,0.0293017092224279,2023-07-05
GOOG,2024-11-21,2024-11-21,3,"0,1,2",0.1989155266270003,hard_miss,hard_or_mid,True,True,False,False,False,False,3.2031328746780776,2.559101406439157,1.1776082294232306,0.0105735378785792,0.04669458681886,2024-11-21
CMCSA,2024-11-06,2024-11-06,3,"0,1,2",0.2025132860830589,hard_miss,hard_or_mid,True,False,True,True,False,True,4.5962041517285135,1.940317624587955,1.556295567142055,0.0298403727797342,0.0588540140156266,2024-11-06
UNH,2023-04-03,2023-04-03,3,"0,1,2",0.2081549128112736,hard_miss,hard_or_mid,True,False,True,False,False,False,3.495103852351529,1.1482133236361414,1.551745965358744,0.0266827962723332,0.0446918801879693,2023-04-03
C,2024-01-30,2024-01-30,3,"0,1,2",0.2238640754591854,hard_miss,hard_or_mid,True,True,False,True,False,False,3.4983640416912483,2.387795990284157,1.2407145238633963,0.0171871722754313,0.0536099060611344,2024-01-30
DHI,2024-07-11,2024-07-11,3,"0,1,2",0.2297592588234397,hard_miss,hard_or_mid,True,True,False,True,False,False,3.8101393844078646,2.114145508219086,1.2910836644949686,0.0318789379607171,0.0701240034485267,2024-07-11
ACN,2024-10-30,2024-10-30,3,"0,1,2",0.2300443617186067,hard_miss,hard_or_mid,True,True,False,True,False,False,3.835285341693316,2.119666557913639,1.3191767828546928,0.0138828555459056,0.0464282705128134,2024-10-30
ADBE,2023-05-25,2023-05-25,3,"0,1,2",0.2308102205357769,hard_miss,hard_or_mid,True,True,False,True,False,False,3.35395875433616,2.4009657312268247,1.0774552128754364,0.0266020893719869,0.0694374757691653,2023-05-25
BAC,2024-08-02,2024-08-02,3,"0,1,2",0.2371878265828458,hard_miss,hard_or_mid,True,True,False,True,False,True,3.74146572451696,2.6180518001374504,0.9029533519575552,0.0379747333117911,0.0498286809398679,2024-08-02
MRK,2023-08-23,2023-08-23,3,"0,1,2",0.2389161915222626,hard_miss,hard_or_mid,True,False,True,False,False,True,3.217198726937037,1.287543968781632,1.5148417440858182,0.0257390125347819,0.0372531931985445,2023-08-23
MO,2024-02-01,2024-02-01,3,"0,1,2",0.2404490506990035,hard_miss,hard_or_mid,True,True,False,True,False,False,4.229468493353584,2.666226566630171,1.4234912429399154,0.0119640285396161,0.0391056556831099,2024-02-01
PG,2023-10-18,2023-10-18,3,"0,1,2",0.2433880717992488,hard_miss,hard_or_mid,True,True,False,False,False,True,3.285714014487869,2.935996230555214,0.9142334805007052,0.0259814590346337,0.0254497435852644,2023-10-18
ADBE,2024-02-16,2024-02-16,3,"0,1,2",0.2616899119883021,hard_miss,hard_or_mid,True,True,False,True,False,False,4.55060447347988,3.3736743463378054,1.1214232688440338,0.0009145349656219,0.0770410379763247,2024-02-16
JNJ,2023-07-31,2023-07-31,3,"0,1,2",0.2622686977777956,hard_miss,hard_or_mid,True,True,False,True,False,True,4.178644180517149,3.44486134291988,1.0602256870543076,0.0274529804792641,0.0406476804917017,2023-07-31
BMY,2024-10-31,2024-10-31,3,"0,1,2",0.2627760917146116,hard_miss,hard_or_mid,True,False,True,True,False,False,4.291517123361107,1.7109855296174867,1.5941504775496678,0.0216482809053934,0.0573799303340143,2024-10-31
PM,2023-09-28,2023-09-28,3,"0,1,2",0.2650891783366216,hard_miss,hard_or_mid,True,True,False,False,False,False,3.8677280401791454,2.160397672242085,1.4656620420794526,0.0075286659542676,0.029777976363282,2023-09-28
ABNB,2024-02-15,2024-02-15,3,"0,1,2",0.2724126665881691,hard_miss,hard_or_mid,True,True,False,False,False,False,3.0577482930281707,2.504747104662623,1.4092293229141113,0.0047908686129544,0.0620684036299821,2024-02-15
GE,2024-03-07,2024-03-07,3,"0,1,2",0.2803071377886949,hard_miss,hard_or_mid,True,True,True,False,False,False,3.5128696757705007,2.521790178627932,1.5790111099401594,0.0159246261984813,0.0429512980171817,2024-03-07
AES,2024-11-06,2024-11-06,3,"0,1,2",0.2862479250597665,hard_miss,hard_or_mid,True,True,True,True,True,True,3.577719001204673,3.549957535961464,1.725299365813992,0.0535138487390483,0.0882430328038935,2024-11-06
EL,2024-08-13,2024-08-13,3,"0,1,2",0.2867301224223723,hard_miss,hard_or_mid,True,True,True,False,False,False,4.250079512567877,2.612889002971714,1.5221062318505187,0.0051045612392502,0.0642485951061907,2024-08-13
MRK,2023-01-09,2023-01-09,3,"0,1,2",0.2953876312474507,hard_miss,hard_or_mid,True,False,True,True,False,False,3.738503158716149,1.1008954320677988,1.5133744458053526,0.0003483348900298,0.0396108740277072,2023-01-09
DE,2023-04-05,2023-04-05,3,"0,1,2",0.3065105151935824,hard_miss,hard_or_mid,True,True,False,True,False,False,3.004326297956043,2.533968091195302,1.2990898289713488,0.0107881052925018,0.0618229334767003,2023-04-05
RTX,2024-11-14,2024-11-14,3,"0,1,2",0.309395905068358,hard_miss,hard_or_mid,True,False,True,False,False,False,3.837827856688759,0.7425472264947819,1.502878036584168,0.0044444331307156,0.0398123825816395,2024-11-14
LMT,2023-09-06,2023-09-06,3,"0,1,2",0.312620635536878,hard_miss,hard_or_mid,True,True,True,True,False,False,5.649767927067715,2.840125976565554,1.6263136558930944,0.0111188582890284,0.0489092038795009,2023-09-06
DHR,2024-10-22,2024-10-22,3,"0,1,2",0.3130580147992766,hard_miss,hard_or_mid,True,True,False,False,False,False,3.5376073513481026,2.1197331183591697,1.2916388149238132,0.029622713824673,0.040540432169566,2024-10-22
LIN,2023-02-07,2023-02-07,3,"0,1,2",0.318261111961329,hard_miss,hard_or_mid,True,True,False,True,False,False,3.0014289941936894,3.102021651889549,1.4663540315311372,0.0122654435259645,0.0432200958265868,2023-02-07
CSCO,2023-09-21,2023-09-21,3,"0,1,2",0.3342799588549816,hard_miss,hard_or_mid,True,True,False,True,False,True,4.1650869333252905,2.3686059149181933,1.349208843403366,0.0376576937918195,0.0396965338365984,2023-09-21
LULU,2024-11-01,2024-11-01,3,"0,1,2",0.3348041641614387,hard_miss,hard_or_mid,True,True,False,True,False,False,3.547323936576335,2.1106589322811637,1.4717600335771508,0.0065458618560542,0.0752127805376847,2024-11-01
MRK,2024-02-01,2024-02-01,3,"0,1,2",0.3355591315436346,hard_miss,hard_or_mid,True,False,True,True,False,True,4.4528249917081295,1.1271974152734332,1.6496240834376763,0.0237621915940904,0.0453224781821309,2024-02-01
GOOGL,2024-12-10,2024-12-11,3,"0,1,2",0.3367989285672736,hard_miss,hard_or_mid,True,True,False,False,False,True,3.709939303383109,3.0841844889740657,1.1247448695495514,0.0426528337816885,0.0543764012817948,2024-12-10
GE,2024-04-03,2024-04-03,3,"0,1,2",0.3421785986424518,hard_miss,hard_or_mid,True,True,True,True,False,False,4.5379315678184815,2.189593670227986,1.6258595244291412,0.0123100794505363,0.0648953747998835,2024-04-03
MA,2024-08-05,2024-08-05,3,"0,1,2",0.3424074307446365,hard_miss,hard_or_mid,True,True,True,True,False,False,4.417030716491213,2.155309302318276,1.5223401151877065,0.0151942384590039,0.0442983905344843,2024-08-05
GOOGL,2023-02-02,2023-02-02,3,"0,1,2",0.3617468449018337,hard_miss,hard_or_mid,True,True,False,True,False,True,3.0386987635677536,2.9008348711746845,1.2427858629171484,0.0534699599282224,0.0702597884729099,2023-02-02
AFL,2023-12-14,2023-12-14,3,"0,1,2",0.3629304087854091,hard_miss,hard_or_mid,True,False,True,False,False,False,3.4878115536926257,1.7259920819017365,1.5974693710320116,0.0004760497023556,0.0332738762788033,2023-12-14
ALLE,2023-10-18,2023-10-18,3,"0,1,2",0.3642787566108165,hard_miss,hard_or_mid,True,False,True,True,False,False,3.1848247479184875,-0.0029339485096602,1.5618494140023436,0.014300535338574,0.0536936871615469,2023-10-18
CRM,2024-11-11,2024-11-11,3,"0,1,2",0.3689143956183673,hard_miss,hard_or_mid,True,True,False,False,False,False,3.8430424923047006,2.8580561087140763,1.1579912160702246,0.0102500605040333,0.059624751203383,2024-11-11
TMUS,2023-04-28,2023-04-28,3,"0,1,2",0.3734282372211848,hard_miss,hard_or_mid,True,True,True,True,False,True,3.738066114410436,2.439215936137586,1.5782824594011582,0.0229424834987188,0.0411166151292398,2023-04-28
MU,2023-04-10,2023-04-10,3,"0,1,2",0.3751307219756395,hard_miss,hard_or_mid,True,True,False,False,False,False,3.193012633255964,3.1697318935818326,1.2466693551955847,0.0447405490787929,0.077359522887449,2023-04-10
COST,2024-11-08,2024-11-08,3,"0,1,2",0.3773985802010527,hard_miss,hard_or_mid,True,True,False,False,False,False,3.011566170594194,2.572965690441595,1.011610551082173,7.656464755510385e-05,0.0321602566208528,2024-11-08
MO,2024-03-06,2024-03-06,3,"0,1,2",0.3948300984111707,hard_miss,hard_or_mid,True,True,True,True,False,True,3.461821172573447,3.312357573087091,1.7601190634134178,0.028042366507422,0.0371098336982411,2024-03-06
AAPL,2024-03-21,2024-03-21,3,"0,1,2",0.3963614099511723,hard_miss,hard_or_mid,True,True,False,True,False,False,3.418543961911628,2.1581742187201702,1.4223525059777768,0.0090668860620443,0.0417155030486944,2024-03-21
MSFT,2024-01-31,2024-01-31,3,"0,1,2",0.4138086087901612,hard_miss,hard_or_mid,True,True,False,False,False,False,3.0757271690931014,2.2140104390056226,1.3638594922193146,0.0039892716877448,0.0273159916426466,2024-01-31
DHR,2024-01-30,2024-01-30,3,"0,1,2",0.4143672697434019,hard_miss,hard_or_mid,True,True,False,True,False,True,3.2578644111629225,2.3322789601725,1.3811844943384766,0.0432608828621395,0.0460322329164758,2024-01-30
CL,2024-10-25,2024-10-25,3,"0,1,2",0.4150983868395727,hard_miss,hard_or_mid,True,True,False,True,False,True,4.619984781813497,2.755955246013293,1.3290783403606103,0.0320833812520249,0.0422893493107036,2024-10-25
ALL,2023-12-14,2023-12-14,3,"0,1,2",0.4177328708185967,hard_miss,hard_or_mid,True,False,True,False,False,False,3.107639703305604,1.3113160262542949,1.6564363533940676,0.0027710393260183,0.0360417792268607,2023-12-14
CRM,2024-09-19,2024-09-19,3,"0,1,2",0.4323311369468309,hard_miss,hard_or_mid,True,True,False,False,False,False,3.2979565083940896,2.250722939066867,1.3780361120917342,0.0328407416056755,0.0523246456584229,2024-09-19
DE,2024-08-15,2024-08-15,3,"0,1,2",0.44172678507911,hard_miss,hard_or_mid,True,True,False,True,False,False,4.254334431276772,2.2181314153403737,1.1837950564838462,0.0225461884503137,0.0606916634998397,2024-08-15
JNJ,2023-04-05,2023-04-05,3,"0,1,2",0.4519357512359723,hard_miss,hard_or_mid,True,True,False,True,False,True,4.596679750478221,2.540617339698444,1.186750295729556,0.0371001502374092,0.0439441772536563,2023-04-05
GOOG,2024-12-10,2024-12-11,3,"0,1,2",0.4522520682370731,hard_miss,hard_or_mid,True,True,False,False,False,True,3.560572206094889,2.5848768819085066,1.1223275782570044,0.0419820009198341,0.053138489388207,2024-12-10
MAR,2024-07-31,2024-07-31,3,"0,1,2",0.4532488204719073,hard_miss,hard_or_mid,True,True,False,True,True,True,4.081411395734816,3.4154433503639763,1.1976235794666634,0.0367298405225388,0.0492299317314206,2024-07-31
LW,2023-10-05,2023-10-05,3,"0,1,2",0.456862723108205,hard_miss,hard_or_mid,True,True,True,False,True,True,5.564703356143593,3.716105831856253,1.6328951732221288,0.0940436881608959,0.0771739862768231,2023-10-05
GOOGL,2024-11-21,2024-11-21,3,"0,1,2",0.4678420545094621,hard_miss,hard_or_mid,True,True,False,False,False,False,3.3728411374063514,2.9789775663997067,1.1880214569277758,0.0118194180319086,0.0486110101556605,2024-11-21
TMO,2024-07-24,2024-07-24,3,"0,1,2",0.4714666253514839,hard_miss,hard_or_mid,True,True,True,False,False,False,3.8913907325289023,2.115862846713329,1.534893731681786,0.0012313923098006,0.0399176713966675,2024-07-24
CMG,2024-04-25,2024-04-25,3,"0,1,2",0.4734490047472917,hard_miss,hard_or_mid,True,True,True,True,False,False,4.363827923933373,2.7789993748180595,1.5504115771988989,0.0291244160537539,0.0613599708180625,2024-04-25
TMUS,2024-10-24,2024-10-24,3,"0,1,2",0.4740830708428878,hard_miss,hard_or_mid,True,False,True,True,False,False,4.56057081932693,1.766810732557004,1.8504290737653764,0.0110884713423604,0.0555025786045667,2024-10-24
ORCL,2023-05-25,2023-05-25,3,"0,1,2",0.4744614066581292,hard_miss,hard_or_mid,True,True,True,False,False,False,4.478325560437349,3.049560644158481,1.752629245193232,0.0089503040391024,0.0589479928573815,2023-05-25
EMR,2024-05-08,2024-05-08,3,"0,1,2",0.4815488232146482,hard_miss,hard_or_mid,True,True,False,True,False,False,6.715213704469635,2.2275349541205838,1.430070192355338,0.0297952703364673,0.0477254121425906,2024-05-08
UNH,2024-06-28,2024-06-28,3,"0,1,2",0.482199350166598,hard_miss,hard_or_mid,True,True,False,False,True,False,3.144593981786972,4.6058837109420105,1.2880498170549457,0.0204135988983171,0.0458451385008206,2024-06-28
JNJ,2024-07-17,2024-07-17,3,"0,1,2",0.4829764068831396,hard_miss,hard_or_mid,True,True,False,True,False,False,3.4351301569889623,2.340404678879658,1.3770260577136475,0.0035760178996069,0.0362210886833748,2024-07-17
MMM,2023-10-24,2023-10-24,3,"0,1,2",0.4860898772926765,hard_miss,hard_or_mid,True,False,True,False,False,True,3.748959030432777,1.7846046272855636,1.5281470668103303,0.0526869720731287,0.0514568939209571,2023-10-24
V,2024-03-22,2024-03-22,3,"0,1,2",0.4896004169517565,hard_miss,hard_or_mid,True,True,False,False,False,False,3.348580859284891,2.025540441594936,1.4329641974226528,0.0012743097118737,0.0247908070534031,2024-03-22
HD,2024-11-06,2024-11-06,3,"0,1,2",0.4923271232070698,hard_miss,hard_or_mid,True,True,False,False,False,False,3.2466421422561016,3.2719633241960486,1.2961612959961588,0.0151215492765363,0.029731013475899,2024-11-06
EMR,2023-02-08,2023-02-08,3,"0,1,2",0.4993584359452467,hard_miss,hard_or_mid,True,True,False,True,False,True,3.666668862709759,2.15160738174602,1.051626087438819,0.033559885341974,0.058604510816932,2023-02-08
AES,2024-09-11,2024-09-11,3,"0,1,2",0.5002133879418985,threshold_miss,hard_or_mid,True,False,True,True,False,False,3.4124731979292013,1.6539937974603225,1.7044534630045387,0.0206814079929326,0.0828463189802354,2024-09-11
GILD,2023-11-08,2023-11-08,3,"0,1,2",0.5106121345866,threshold_miss,hard_or_mid,True,True,False,False,True,True,3.01821092696581,3.263164239553668,1.1175985310863668,0.0387047383113191,0.0341965687377247,2023-11-08
ACN,2023-03-23,2023-03-23,3,"0,1,2",0.5159977965810726,threshold_miss,hard_or_mid,True,True,False,True,False,False,4.5673669517796505,2.695470786044848,1.443152981302088,0.0244010252617551,0.0700953211963787,2023-03-23
AVGO,2023-09-01,2023-09-01,3,"0,1,2",0.5179897207031336,threshold_miss,hard_or_mid,True,True,False,False,False,False,3.009873797134329,2.663666324357125,1.3128543773391124,0.0227765403797614,0.0561247153064883,2023-09-01
LNT,2024-11-01,2024-11-01,3,"0,1,2",0.5324223094545008,threshold_miss,hard_or_mid,True,True,False,True,False,True,4.559280630135679,3.185579838418785,1.4085007954099589,0.0193332900227837,0.0383943173501857,2024-11-01
STZ,2023-10-05,2023-10-05,3,"0,1,2",0.5336092864091612,threshold_miss,hard_or_mid,True,True,False,False,True,True,3.2544529151178323,3.298293022585833,1.3255456441983815,0.024502700305206,0.0327323090593509,2023-10-05
GOOG,2023-07-26,2023-07-26,3,"0,1,2",0.5546487679267208,threshold_miss,hard_or_mid,True,True,False,False,False,True,3.183139137191771,2.1277599909939946,1.320337944324388,0.0616499863689171,0.054440098150284,2023-07-26
MHK,2023-11-14,2023-11-14,3,"0,1,2",0.5729493678562277,threshold_miss,hard_or_mid,True,False,True,True,False,False,4.906305897323622,1.438344995777141,1.5390200800378562,0.0423313995769586,0.0856601626346711,2023-11-14
GOOGL,2023-07-26,2023-07-26,3,"0,1,2",0.5772132347008667,threshold_miss,hard_or_mid,True,True,False,True,False,True,3.3089819062552914,2.173489713506361,1.3017150438645773,0.0643155674674915,0.0561623828782563,2023-07-26
MO,2024-07-31,2024-07-31,3,"0,1,2",0.5818888754267141,threshold_miss,hard_or_mid,True,True,False,False,False,True,4.203597569276776,2.5808607696798616,1.4108905839682373,0.0425321465121842,0.0309386524564078,2024-07-31
C,2024-08-02,2024-08-02,3,"0,1,2",0.5914537657474396,threshold_miss,hard_or_mid,True,True,False,True,False,True,4.931445683271875,2.9781185089355806,1.294324164539496,0.0570480104045123,0.0741079381735111,2024-08-02
ABBV,2024-10-30,2024-10-30,3,"0,1,2",0.6167713956300015,threshold_miss,hard_or_mid,True,True,True,True,False,False,7.154341814662894,3.370151449681768,1.5933530270288754,0.0114541868342622,0.0616642469420739,2024-10-30
RCL,2024-11-06,2024-11-06,3,"0,1,2",0.6386482957947973,threshold_miss,hard_or_mid,True,True,True,True,False,True,3.613255774471276,2.1602511745912536,1.6071994805903322,0.0446932413749631,0.0725953251462258,2024-11-06
ABBV,2024-04-26,2024-04-26,3,"0,1,2",0.6593885664301637,threshold_miss,hard_or_mid,True,True,False,True,False,False,4.053183088819437,2.275567350079702,1.1769632962522898,0.0011953820352295,0.0469327047057288,2024-04-26
CAT,2023-12-14,2023-12-14,3,"0,1,2",0.6970827924563192,threshold_miss,hard_or_mid,True,True,False,True,False,False,3.639580592818916,2.193237358728309,1.3580728741019952,0.0167182234698775,0.0622103971953065,2023-12-14
CL,2023-12-14,2023-12-14,3,"0,1,2",0.7408611763000618,threshold_miss,hard_or_mid,True,False,True,True,False,False,4.3781103358465945,1.8871860336252737,1.6258873437851886,0.0138555589845734,0.0400927036597324,2023-12-14
AOS,2023-10-26,2023-10-26,3,"0,1,2",0.798551403415123,threshold_miss,near_threshold_miss,True,True,False,True,True,False,4.334213290379183,3.2813242209861,1.2755953029068958,0.0191748174942096,0.0585381401645474,2023-10-26
ALGN,2023-02-02,2023-02-02,2,"1,2",0.005781808884746,hard_miss,hard_or_mid,True,True,True,True,True,True,7.560209208515968,4.20688254673147,1.6850365268107537,0.1910239671963205,0.2419859207989186,2023-02-02
NVDA,2023-05-25,2023-05-25,2,"1,2",0.0181543876259432,hard_miss,hard_or_mid,True,True,True,True,True,True,10.15638825494812,5.341603361266078,1.786847431815981,0.2614776689991204,0.2180880457769838,2023-05-25
META,2024-02-02,2024-02-02,2,"1,2",0.053645037268903,hard_miss,hard_or_mid,True,True,True,True,True,True,13.1161389801598,6.336606082266063,1.8280848363163875,0.1641926856412373,0.1849650444726421,2024-02-02
TMUS,2024-05-31,2024-05-31,2,"0,1",0.0543088269525962,hard_miss,hard_or_mid,True,True,False,False,False,False,4.844973474580687,2.953479154167455,0.9614285217934464,0.0002351158105712,0.0284648157218542,2024-05-31
LW,2024-11-15,2024-11-15,2,"0,2",0.0549457427787006,hard_miss,hard_or_mid,True,False,True,False,False,False,4.152638312679599,1.8456550319646563,1.5390421419713574,0.0073374911484459,0.0634033962728451,2024-11-15
FDX,2024-06-26,2024-06-26,2,"1,2",0.0710860934252284,hard_miss,hard_or_mid,True,True,True,True,True,True,12.081545753755842,5.794879667243379,1.6186672198393133,0.1250095618293615,0.1443402867639093,2024-06-26
UNH,2024-04-16,2024-04-16,2,"1,2",0.0782474965310887,hard_miss,hard_or_mid,True,True,False,True,False,True,3.589967411483814,2.6091445265791995,1.2758967909264338,0.0698784952490388,0.0508791455200027,2024-04-16
PM,2024-04-23,2024-04-23,2,"0,1",0.0783515222686594,hard_miss,hard_or_mid,True,True,False,True,False,False,3.6229441067529615,2.8425675212707087,0.9971036095146242,0.0035083713195417,0.037559198603464,2024-04-23
TSLA,2024-10-24,2024-10-24,2,"1,2",0.0848514528288645,hard_miss,hard_or_mid,True,True,True,True,True,True,5.825738061940528,4.558794600658151,1.5809777166639891,0.1452375364582449,0.1981869914692075,2024-10-24
CVX,2023-01-26,2023-01-26,2,"0,2",0.0889774975959094,hard_miss,hard_or_mid,True,True,False,True,False,True,3.044936151708923,2.1928637898760885,1.2572830422675283,0.0330017886434117,0.0474914038522508,2023-01-26
LLY,2023-08-08,2023-08-08,2,"1,2",0.0979147435469181,hard_miss,hard_or_mid,True,True,True,True,True,True,11.513477644575548,6.696579051275656,1.7508159951894813,0.1143412868325272,0.1386277507162238,2023-08-08
CVX,2023-05-02,2023-05-02,2,"0,2",0.1020929394073038,hard_miss,hard_or_mid,True,False,True,True,False,False,3.1648041515917638,1.095468704321416,1.5081208678900244,0.0114803052245105,0.0440060045793435,2023-05-02
TMUS,2024-03-07,2024-03-07,2,"0,2",0.1744292630146458,hard_miss,hard_or_mid,True,False,True,False,False,False,3.051087751420809,1.0366787860011062,1.5180309534565153,0.0060924486283236,0.0182640032788732,2024-03-07
COF,2024-11-06,2024-11-06,2,"1,2",0.1833414154758701,hard_miss,hard_or_mid,True,True,True,True,True,True,7.371614644854825,4.891021534032165,1.708918031774112,0.1459802119407083,0.1398275160916392,2024-11-06
PM,2024-08-05,2024-08-05,2,"0,1",0.2046205362869468,hard_miss,hard_or_mid,True,True,False,True,False,False,4.680754159544438,2.709672390665035,1.3728415699495349,0.007638806610029,0.0368267462049993,2024-08-05
JPM,2023-10-27,2023-10-27,2,"0,2",0.2154079539733148,hard_miss,hard_or_mid,True,True,False,False,False,False,4.00530595391144,2.449923154767602,1.2859170240346445,0.012858815313147,0.0366834495923453,2023-10-27
ISRG,2023-10-11,2023-10-11,2,"0,1",0.2354832843685344,hard_miss,hard_or_mid,True,True,False,True,False,False,3.130673597137541,2.114078663172796,1.3682918625730398,0.0027868822054104,0.0553606658434526,2023-10-11
ALGN,2023-09-07,2023-09-07,2,"0,1",0.2418855531261055,hard_miss,hard_or_mid,True,True,False,False,False,False,3.3529184344196983,2.117839307077213,1.369592551373461,0.0053827987183969,0.0810147428257844,2023-09-07
INTC,2024-04-03,2024-04-03,2,"0,2",0.2603401020594151,hard_miss,hard_or_mid,True,True,False,False,False,True,3.325479142372967,2.134244685156847,1.4623302446692277,0.0578059002166899,0.0857292383212035,2024-04-03
GE,2024-07-23,2024-07-24,2,"0,1",0.2607020001587105,hard_miss,hard_or_mid,True,True,True,True,True,False,3.407665995319247,3.7311067347838582,1.5720556859906478,0.0199065560399193,0.0580480520301797,2024-07-23
ABT,2023-10-18,2023-10-18,2,"1,2",0.2768486222126319,hard_miss,hard_or_mid,True,True,False,True,True,True,3.3725961624292884,5.011221263194429,1.060362225457465,0.0418928191245589,0.0364451827615522,2023-10-18
PHM,2024-01-23,2024-01-23,2,"0,2",0.2796857850056463,hard_miss,hard_or_mid,True,False,True,False,False,False,3.315070760428356,1.381559730044222,1.6848959260685512,0.0270963531128283,0.0530100228486978,2024-01-23
A,2024-09-26,2024-09-26,2,"0,1",0.2848797381819043,hard_miss,hard_or_mid,True,False,True,True,False,False,3.533499500443823,1.1945199759817584,1.54817446513458,0.0130522209177688,0.0510280003233507,2024-09-26
AVGO,2023-03-03,2023-03-03,2,"0,1",0.2932785325597737,hard_miss,hard_or_mid,True,True,False,False,False,False,3.27734305474656,2.421711031887289,1.11316535486496,0.0318215828451747,0.055414075929623,2023-03-03
ALLE,2023-12-14,2023-12-14,2,"0,1",0.3018353605964129,hard_miss,hard_or_mid,True,True,False,True,False,False,4.42266307843342,2.79938168462422,1.386152771146347,0.0100673715174103,0.0638078644607441,2023-12-14
PG,2024-04-03,2024-04-03,2,"0,2",0.3048538332489149,hard_miss,hard_or_mid,True,False,True,False,False,False,3.6516776613202726,1.3073915650678831,1.6759663157696063,0.0003738296430613,0.0279128095397961,2024-04-03
MO,2024-08-05,2024-08-05,2,"0,2",0.3191001680613952,hard_miss,hard_or_mid,True,False,True,True,False,True,3.9110638946594554,1.5409038344044994,1.6345848811755457,0.0211473909156047,0.034259484350487,2024-08-05
CVS,2023-02-08,2023-02-08,2,"0,1",0.3222407455130568,hard_miss,hard_or_mid,True,True,False,False,False,False,3.212298168564207,2.079361234085966,1.40472616226122,0.0222144973830062,0.0340721443638707,2023-02-08
PG,2024-11-06,2024-11-06,2,"0,2",0.341994694274189,hard_miss,hard_or_mid,True,True,False,True,False,False,3.6810372895969263,2.030811930107672,1.3479195054738853,0.0009049121627457,0.0288260574035159,2024-11-06
MO,2023-02-01,2023-02-01,2,"1,2",0.3498868783341041,hard_miss,hard_or_mid,True,True,False,True,False,True,5.446974942545355,2.4422503860047766,1.4649973776083716,0.0224246021165537,0.0540206025171462,2023-02-01
ABNB,2023-10-03,2023-10-03,2,"0,2",0.3581027921904993,hard_miss,hard_or_mid,True,False,True,False,False,False,3.409599112937737,0.9729921032349462,1.5292887348117936,0.0321470376963308,0.066845373272117,2023-10-03
ROST,2024-11-25,2024-11-25,2,"0,1",0.3701674188592668,hard_miss,hard_or_mid,True,True,False,True,False,False,3.5862344929333085,2.3513300349181585,1.2015900011905103,0.0187555000917014,0.0481085655181408,2024-11-25
CSCO,2023-04-19,2023-04-19,2,"0,2",0.3829293325657076,hard_miss,hard_or_mid,True,True,False,True,False,False,3.8634193257933576,2.043576763370875,1.4061576094061814,0.0214669186863223,0.0461698527346715,2023-04-19
MSFT,2023-10-26,2023-10-26,2,"1,2",0.3979614153272374,hard_miss,hard_or_mid,True,True,False,False,False,False,3.096183301769317,2.551601111159331,1.423708818172326,0.00038160602071,0.0382360659779629,2023-10-26
TMO,2023-04-25,2023-04-25,2,"1,2",0.4008243919776089,hard_miss,hard_or_mid,True,True,False,True,False,False,3.6092102715350256,2.869051889373453,1.3402228385606507,0.017673653861501,0.0461834284566653,2023-04-25
INTU,2023-10-25,2023-10-25,2,"0,2",0.4188945626824512,hard_miss,hard_or_mid,True,True,False,False,False,False,3.1895172253089608,2.632515857525369,1.0017411149135411,0.0107151485913721,0.0461019746025384,2023-10-25
MCD,2024-02-05,2024-02-05,2,"0,1",0.4257059243878369,hard_miss,hard_or_mid,True,True,False,True,False,True,4.704961009879262,3.073312003047088,1.493113799084907,0.033798975806819,0.0380135447435432,2024-02-05
ABT,2023-07-20,2023-07-20,2,"0,1",0.4350350899056291,hard_miss,hard_or_mid,True,True,False,True,False,False,4.77679298317484,2.532864851205082,1.4698165036221351,0.0076436085271688,0.0415377110466426,2023-07-20
APTV,2023-12-14,2023-12-14,2,"0,1",0.4611632681691642,hard_miss,hard_or_mid,True,False,True,True,False,False,3.678729539117892,1.8139324174813436,1.5550409316001412,0.0203480754505139,0.0853653810926999,2023-12-14
GE,2024-09-03,2024-09-03,2,"0,2",0.4659800869795596,hard_miss,hard_or_mid,True,False,True,True,False,False,3.248300534213946,0.5194662065329122,1.613311248419218,0.0024625531983655,0.0614661243851561,2024-09-03
COP,2024-10-31,2024-10-31,2,"1,2",0.5005435705228767,threshold_miss,hard_or_mid,True,True,False,True,False,True,3.9814892494108887,2.1011261591659,1.3753174093906737,0.038745375149058,0.0617549698417964,2024-10-31
C,2024-11-06,2024-11-06,2,"1,2",0.5149662937608968,threshold_miss,hard_or_mid,True,True,False,True,True,True,4.475667481928285,4.088474282455438,1.271098492391184,0.0742891595153515,0.0808275240031752,2024-11-06
GS,2024-08-02,2024-08-02,2,"0,1",0.5252411944041906,threshold_miss,hard_or_mid,True,True,False,True,True,False,4.920161386955633,3.4725741370007333,1.4416064017473411,0.0180356096631326,0.0607545174643734,2024-08-02
LOW,2024-11-19,2024-11-19,2,"0,2",0.5318972023022226,threshold_miss,hard_or_mid,True,True,False,True,False,True,4.544201082497612,2.892273679333249,1.277474399456643,0.0319388709057279,0.0471247520131571,2024-11-19
NFLX,2023-03-23,2023-03-23,2,"1,2",0.5495984210593365,threshold_miss,hard_or_mid,True,True,True,True,False,False,3.5806842765538733,2.102169083582317,1.5631835967324232,0.036679178100009,0.086236986138523,2023-03-23
AMD,2023-02-01,2023-02-01,2,"0,1",0.5727737948954104,threshold_miss,hard_or_mid,True,True,False,True,False,False,3.31147233045079,3.144951850083512,1.3649594833094034,0.0441783050827903,0.1189208243954148,2023-02-01
MHK,2023-10-12,2023-10-12,2,"0,1",0.5771388301196806,threshold_miss,hard_or_mid,True,False,True,False,False,False,3.2252723828092846,1.571152816855946,1.5087502442578244,0.0085338532319409,0.0588261275849889,2023-10-12
AXP,2024-11-06,2024-11-06,2,"1,2",0.5907659805973071,threshold_miss,hard_or_mid,True,True,False,True,False,True,4.413617855408719,2.526500420892378,1.4580226934121805,0.0437052786529774,0.0673342639283898,2024-11-06
A,2023-04-25,2023-04-25,2,"0,2",0.5908894476372968,threshold_miss,hard_or_mid,True,False,True,True,False,False,3.815906151647765,1.418722196131912,1.5588808390336215,0.0140092239073221,0.0603493178973975,2023-04-25
AMD,2024-02-22,2024-02-22,2,"1,2",0.5913044132029479,threshold_miss,hard_or_mid,True,False,True,True,False,True,3.339806504867993,1.0320652977583469,1.5599963740031024,0.0542333923287043,0.1016040456016355,2024-02-22
DIS,2024-08-07,2024-08-07,2,"0,2",0.6101052242890416,threshold_miss,hard_or_mid,True,True,False,False,False,False,3.3498555582256,3.3673385066668127,1.321501300520955,0.0218961748136291,0.0455942072167371,2024-08-07
V,2023-09-14,2023-09-14,2,"0,1",0.61024479230964,threshold_miss,hard_or_mid,True,True,False,False,True,False,3.4340327013933387,3.334077001430194,1.2369653082589491,0.0114191753823535,0.0258736122524481,2023-09-14
AFL,2024-10-31,2024-10-31,2,"0,2",0.6521112304440981,threshold_miss,hard_or_mid,True,True,False,True,False,True,5.375084001319978,2.557269903914613,1.3257033535601304,0.0263420601552553,0.0493398554048943,2024-10-31
CVS,2024-10-18,2024-10-18,2,"0,1",0.6722182773793723,threshold_miss,hard_or_mid,True,True,False,False,True,True,3.080535679157738,4.3438104302287615,1.1419214305689167,0.0648656105570707,0.0537181627134619,2024-10-18
ACN,2023-09-28,2023-09-28,2,"0,2",0.676061890743513,threshold_miss,hard_or_mid,True,True,False,True,True,True,4.191687050534073,3.5854839582662192,1.4671725198556729,0.0401744638548646,0.0442567876648799,2023-09-28
APTV,2023-02-14,2023-02-14,2,"0,1",0.6764181901665562,threshold_miss,hard_or_mid,True,True,False,True,False,False,3.581204322101481,2.479295956290149,1.4117209152614296,0.0067382048939982,0.0710889471899682,2023-02-14
JNJ,2024-05-01,2024-05-01,2,"1,2",0.6814690750430348,threshold_miss,hard_or_mid,True,True,True,True,False,True,5.395776555113742,2.8634082261827647,1.5750403043747605,0.0287019325937415,0.044569027041417,2024-05-01
AAPL,2024-05-03,2024-05-03,2,"1,2",0.6938279973610114,threshold_miss,hard_or_mid,True,True,False,True,True,True,4.453602951149957,3.566235334164821,1.3333002027189338,0.0787145954353517,0.0580954994789925,2024-05-03
DE,2023-08-18,2023-08-18,2,"0,2",0.6943694608393597,threshold_miss,hard_or_mid,True,True,False,True,True,True,3.838461217105735,3.6256924202343166,1.2111493904527664,0.0273165223644705,0.0542660421614025,2023-08-18
DUK,2024-10-07,2024-10-07,2,"0,2",0.6971613280589815,threshold_miss,hard_or_mid,True,True,False,True,False,False,3.98043903691241,2.335925007026783,1.438094015270117,0.0022797522113722,0.0340678847884701,2024-10-07
UNH,2024-07-16,2024-07-16,2,"0,1",0.7133267576180575,threshold_miss,hard_or_mid,True,True,False,True,False,True,4.392328388853838,2.8245879089125725,1.0319474651260925,0.0359550425246318,0.0629767568179909,2024-07-16
DLTR,2024-08-29,2024-08-29,2,"0,1",0.7213266499578947,threshold_miss,hard_or_mid,True,True,False,True,False,True,5.956998718339431,2.307239319267027,1.3957821676330022,0.0888206592216596,0.1079988326622505,2024-08-29
ABT,2024-07-18,2024-07-18,2,"0,2",0.7400757125250879,threshold_miss,hard_or_mid,True,True,False,True,False,True,4.618625933172546,2.616363959423935,1.4431355694096368,0.0218762132026612,0.0450381531645015,2024-07-18
TSLA,2024-04-24,2024-04-24,2,"0,1",0.7603309697827894,threshold_miss,near_threshold_miss,True,True,False,True,False,True,4.16664666096594,3.515357767009862,1.4721085362184343,0.1255184170595696,0.113874156218306,2024-04-24
GE,2024-04-23,2024-04-23,2,"1,2",0.7981540572783529,threshold_miss,near_threshold_miss,True,True,False,True,False,True,4.114726681594872,2.5728551001508264,1.2966937453398135,0.0508689651831966,0.079515052542588,2024-04-23
HD,2023-02-21,2023-02-21,2,"0,1",0.8370111805118359,threshold_miss,near_threshold_miss,True,True,False,True,False,True,4.7544651733753085,3.0351087352060864,1.287474196418032,0.0389999338023309,0.073225355672825,2023-02-21
GOOGL,2024-07-24,2024-07-24,2,"1,2",0.8405690761390749,threshold_miss,near_threshold_miss,True,True,False,False,False,True,3.0725237164158448,2.4222897549305693,1.4143296507008043,0.045051980236095,0.0517016028234002,2024-07-24
LOW,2024-06-25,2024-06-25,2,"0,1",0.857917217057921,threshold_miss,near_threshold_miss,True,True,False,True,False,False,4.006572740763985,2.101682398957049,1.2573449494168856,0.0069616955831294,0.0500058624071366,2024-06-25
UNH,2023-11-30,2023-11-30,2,"0,2",0.9314958772073048,threshold_miss,near_threshold_miss,True,True,True,False,True,False,3.446354427246435,3.651784258884507,1.6935789903783465,0.0015140466601083,0.0330743469229554,2023-11-30
LW,2024-12-19,2024-12-19,1,1,0.0001245737706021,hard_miss,hard_or_mid,True,True,True,True,True,True,10.162669996333106,3.551887528515393,1.8960715052195756,0.1567375338942117,0.2243589488386006,2024-12-19
BLDR,2024-05-07,2024-05-07,1,1,0.0002646308136241,hard_miss,hard_or_mid,True,True,True,True,True,True,10.515916929578196,6.290888350178263,1.8021194380669576,0.12803664174753,0.2112915784026533,2024-05-07
DIS,2024-02-08,2024-02-08,1,1,0.0006736321955612,hard_miss,hard_or_mid,True,True,True,True,True,True,7.936583988272287,5.545631271255355,1.606757332598901,0.0800887345220025,0.1088444182984824,2024-02-08
TGT,2024-11-20,2024-11-20,1,1,0.0006912794340519,hard_miss,hard_or_mid,True,True,True,True,True,True,17.293686194589828,10.667255435865371,1.789545219145862,0.1735536945141901,0.240927258847044,2024-11-20
ORCL,2024-06-12,2024-06-12,1,1,0.0014467391089327,hard_miss,hard_or_mid,True,True,True,True,True,True,9.140459957602586,5.1058127387671295,1.6050425901081289,0.0872620785535543,0.1250398880585063,2024-06-12
APTV,2024-10-31,2024-10-31,1,1,0.0015685104560047,hard_miss,hard_or_mid,True,True,True,True,True,True,10.569430443859176,5.893269964163236,1.7869514948104943,0.0961343480241055,0.1950560911536361,2024-10-31
MMM,2024-07-26,2024-07-26,1,1,0.0016424202273742,hard_miss,hard_or_mid,True,True,True,True,True,True,16.081561539903085,4.57635437664812,1.8110581486067223,0.0899506996140237,0.2069379227272421,2024-07-26
AOS,2023-01-31,2023-01-31,1,1,0.0016657471627894,hard_miss,hard_or_mid,True,True,True,True,True,True,6.1812413381716445,5.79967863386732,1.515787881467539,0.0742108811211552,0.1281019354355034,2023-01-31
ORCL,2024-09-10,2024-09-10,1,1,0.0017451130391855,hard_miss,hard_or_mid,True,True,True,True,True,True,7.29891541956806,3.870352496385334,1.7866054144780936,0.1025089919561349,0.1082941436572913,2024-09-10
LW,2024-04-04,2024-04-04,1,1,0.0018538196855675,hard_miss,hard_or_mid,True,True,True,True,True,True,16.3221022664938,8.053689559737053,1.6789914547660665,0.1245056236596557,0.2153369787926166,2024-04-04
LW,2023-01-05,2023-01-05,1,1,0.0018616785168572,hard_miss,hard_or_mid,True,True,True,True,False,True,7.272954178049505,3.3382435076484134,1.8218003621041856,0.0844763761638465,0.0932503354801502,2023-01-05
NFLX,2023-10-19,2023-10-19,1,1,0.0028904340147646,hard_miss,hard_or_mid,True,True,True,True,True,True,8.198674438874056,4.968964891524243,1.787547343677612,0.1691267693546269,0.148891996945692,2023-10-19
GS,2024-11-06,2024-11-06,1,1,0.0029944020209325,hard_miss,hard_or_mid,True,True,True,True,True,True,8.13942463597699,4.736935718940728,1.727442704771154,0.0765523172694672,0.1230824699259344,2024-11-06
EL,2024-10-31,2024-10-31,1,1,0.003077196692354,hard_miss,hard_or_mid,True,True,True,True,True,True,10.029432963823496,4.9523905732367615,1.7984392743250692,0.2438325025302692,0.2343942380415977,2024-10-31
LULU,2024-12-06,2024-12-06,1,1,0.0031538937851176,hard_miss,hard_or_mid,True,True,False,True,True,True,6.513089470499704,6.133379961515846,1.4158867940013824,0.0933557688825501,0.1474705284397364,2024-12-06
TGT,2023-11-15,2023-11-15,1,1,0.0035389651753511,hard_miss,hard_or_mid,True,True,True,True,True,True,9.928602460694472,6.794619949772104,1.705812818052749,0.1380089081008443,0.1634302407403522,2023-11-15
PLTR,2024-02-06,2024-02-06,1,1,0.003585299525719,hard_miss,hard_or_mid,True,True,True,True,True,True,9.19588967749258,5.65976272540243,1.751348539929075,0.2141148366379125,0.2685103064731625,2024-02-06
EXPE,2023-11-03,2023-11-03,1,1,0.0058043442176302,hard_miss,hard_or_mid,True,True,True,True,True,True,10.447057994445652,4.884020989034149,1.6097255679827502,0.1387601550849773,0.1726270003196399,2023-11-03
META,2023-02-02,2023-02-02,1,1,0.0059850215619663,hard_miss,hard_or_mid,True,True,True,True,True,True,7.066256308529768,3.853981599898608,1.7452486011232409,0.1976227994162732,0.20930742770695,2023-02-02
ADBE,2024-06-14,2024-06-14,1,1,0.0073062362501662,hard_miss,hard_or_mid,True,True,True,True,True,True,9.693455392101065,4.804411968050927,1.5987770275621371,0.1558835316003973,0.1355049803939365,2024-06-14
MHK,2024-07-26,2024-07-26,1,1,0.0092238748817597,hard_miss,hard_or_mid,True,True,True,True,True,True,7.64893893329357,4.766415832536901,1.5779328427792048,0.1212639223597108,0.1780373412953716,2024-07-26
CMG,2023-04-26,2023-04-26,1,1,0.0101463411038606,hard_miss,hard_or_mid,True,True,True,True,True,True,8.34103647787938,6.505918534245481,1.8039416115837337,0.0775394044096546,0.1214467360551452,2023-04-26
LULU,2023-06-02,2023-06-02,1,1,0.0103334193349224,hard_miss,hard_or_mid,True,True,True,True,True,True,5.426593322249206,3.673029006754119,1.717922385570667,0.1519110825463734,0.1070219824828959,2023-06-02
PLTR,2023-11-02,2023-11-02,1,1,0.0110379743634103,hard_miss,hard_or_mid,True,True,True,True,True,True,5.001458770143208,3.8744139448324098,1.5186738952988177,0.1715817326498606,0.18600106269566,2023-11-02
PLTR,2023-05-09,2023-05-09,1,1,0.0124631459731286,hard_miss,hard_or_mid,True,True,True,True,True,True,5.236515583585892,3.5317537716227183,1.631070729002009,0.1912145397627951,0.2101395164345369,2023-05-09
AVGO,2024-12-13,2024-12-13,1,1,0.0128587165919229,hard_miss,hard_or_mid,True,True,True,True,True,True,9.565008486749225,5.036702157002694,1.7633860551255345,0.1839920578081377,0.2185943725567319,2024-12-13
CRM,2023-03-02,2023-03-02,1,1,0.0129982788973889,hard_miss,hard_or_mid,True,True,False,True,True,True,4.875026835007848,3.935809687682014,1.463681937895864,0.1539886450088512,0.1088262730824426,2023-03-02
EXPE,2023-08-03,2023-08-03,1,1,0.0189616886551271,hard_miss,hard_or_mid,True,True,True,True,True,True,9.166275176591016,5.845671455392016,1.6888007700782182,0.0992373034231528,0.178903719748641,2023-08-03
BBY,2024-08-29,2024-08-29,1,1,0.0199062218645603,hard_miss,hard_or_mid,True,True,True,True,True,True,7.685719118249063,4.063235084754671,1.5128453561272306,0.1692677965981633,0.1320211506958675,2024-08-29
AXP,2023-01-27,2023-01-27,1,1,0.0267297427011774,hard_miss,hard_or_mid,True,True,False,True,True,True,5.629486609895956,4.95465618254881,1.450838935037306,0.0700540527305672,0.1002088215386299,2023-01-27
MU,2024-03-21,2024-03-21,1,1,0.0339946274783799,hard_miss,hard_or_mid,True,True,False,True,True,True,6.178619481668802,5.4932243685037285,1.3295742650779232,0.1778701595543774,0.1321668127628801,2024-03-21
PLTR,2023-02-14,2023-02-14,1,1,0.036531023733971,hard_miss,hard_or_mid,True,True,True,True,True,True,5.414464413770349,6.088587685149512,1.5250150022719884,0.1287779238622863,0.1919118771122178,2023-02-14
FDX,2024-09-20,2024-09-20,1,1,0.0404792344242745,hard_miss,hard_or_mid,True,True,True,True,True,True,7.685531604769674,4.994098401993671,1.8856494284899847,0.1318952323611602,0.1652308416197407,2024-09-20
WFC,2024-11-06,2024-11-06,1,1,0.0458344265983101,hard_miss,hard_or_mid,True,True,True,True,True,True,6.711663708195535,3.709009896512608,1.750565016039663,0.1440612010836333,0.1231964384366291,2024-11-06
APD,2024-10-07,2024-10-07,1,1,0.0496256347635666,hard_miss,hard_or_mid,True,True,True,True,False,True,5.181203341494147,2.802104879287046,1.8747071671068367,0.0718039289971854,0.0909703341422444,2024-10-07
TGT,2024-08-21,2024-08-21,1,1,0.0535216304351973,hard_miss,hard_or_mid,True,True,False,True,True,True,5.76723081055361,5.408184698281838,1.271565346618602,0.1684237738238534,0.1061630116710244,2024-08-21
LULU,2023-03-29,2023-03-29,1,1,0.0609794906314733,hard_miss,hard_or_mid,True,True,False,True,True,True,5.750747909516508,4.508736478221924,1.4350260559733727,0.1434235671384823,0.1196995099499569,2023-03-29
ABNB,2024-08-07,2024-08-07,1,1,0.0705515833472335,hard_miss,hard_or_mid,True,True,True,True,True,True,8.665192333069161,6.228317626724637,1.607551399633057,0.1381926773144993,0.1436669953587735,2024-08-07
GOOGL,2024-08-05,2024-08-05,1,1,0.0723134863854124,hard_miss,hard_or_mid,True,True,False,False,False,True,3.1985586327908075,2.8550471710234,1.0210333407952317,0.0669626904261519,0.0454805272805402,2024-08-05
EL,2024-02-05,2024-02-05,1,1,0.0760531365426267,hard_miss,hard_or_mid,True,True,True,True,True,True,4.649966699859308,3.7125286552107375,1.501906836820864,0.1889356053353246,0.1137655209839967,2024-02-05
APD,2024-07-22,2024-07-22,1,0,0.0824407481997769,hard_miss,hard_or_mid,True,True,True,True,False,False,4.350148564186234,2.0261055036029965,1.5525090587643102,0.0001522896800332,0.056167851278347,2024-07-22
ORCL,2024-03-12,2024-03-12,1,1,0.0858260720361862,hard_miss,hard_or_mid,True,True,True,True,True,True,7.658953125199839,4.660172095910147,1.52922768423196,0.1062823438499086,0.1110919125063227,2024-03-12
AAPL,2023-05-05,2023-05-05,1,2,0.0886977606466764,hard_miss,hard_or_mid,True,True,False,True,True,True,3.4806929173927927,3.427787859582238,1.35098501647341,0.0313048469195019,0.0458592949662501,2023-05-05
HON,2023-04-27,2023-04-27,1,0,0.0919536956800286,hard_miss,hard_or_mid,True,False,True,True,False,True,3.645882797521108,0.9720652629088008,1.7300423116649015,0.0264010308367542,0.0395931562131755,2023-04-27
EL,2024-09-26,2024-09-26,1,1,0.0934171310616339,hard_miss,hard_or_mid,True,True,False,True,False,True,4.765137794243624,2.492295644567505,1.4926565709540094,0.0742277206551697,0.0953994530405007,2024-09-26
META,2023-04-27,2023-04-27,1,1,0.1101087243691771,hard_miss,hard_or_mid,True,True,True,True,False,True,3.686818538246793,2.189592167215824,1.774346161045752,0.145606429568616,0.1303744880023395,2023-04-27
AMD,2024-08-01,2024-08-01,1,1,0.1402411327531718,hard_miss,hard_or_mid,True,True,False,False,False,False,3.0568015754495894,2.0885784933961635,1.0578779822500268,0.0035991437417092,0.0862566240927022,2024-08-01
ISRG,2023-04-19,2023-04-19,1,1,0.142476110344135,hard_miss,hard_or_mid,True,True,False,True,True,True,5.666175716685395,4.404605033258044,1.4966828100869431,0.0843731481092318,0.1032527098248101,2023-04-19
PHM,2023-07-25,2023-07-25,1,1,0.1580181418683593,hard_miss,hard_or_mid,True,True,True,True,False,False,3.613449081455249,2.534048682398097,1.5713456375590191,0.0087864924523023,0.0604073546960713,2023-07-25
GS,2023-12-14,2023-12-14,1,1,0.1593851638436073,hard_miss,hard_or_mid,True,True,False,True,False,False,3.643381272082724,2.683520251319983,1.2583338587543798,0.0103934172257472,0.0556026497612961,2023-12-14
BAC,2023-12-14,2023-12-14,1,1,0.1637650727385975,hard_miss,hard_or_mid,True,True,False,True,False,False,3.208448324715576,3.013366418161989,1.4676464067128203,0.0181021263587913,0.0576088885856318,2023-12-14
TSLA,2024-11-06,2024-11-06,1,2,0.1666182253318406,hard_miss,hard_or_mid,True,True,False,True,False,True,3.2845895316101865,2.7839765907019896,1.0422639616154032,0.1321588079158177,0.1375946602473768,2024-11-06
ADBE,2023-05-03,2023-05-03,1,0,0.1700784327940861,hard_miss,hard_or_mid,True,True,True,True,False,False,3.242734290440503,2.5025630369443235,1.7165224557946843,0.0140237980150747,0.0656060277121945,2023-05-03
RCL,2024-02-22,2024-02-22,1,1,0.1911471989388971,hard_miss,hard_or_mid,True,True,False,False,False,True,3.2795320898504423,2.388066474386199,1.2958619695199998,0.0761531751531098,0.0645384874688817,2024-02-22
LULU,2024-03-22,2024-03-22,1,1,0.1972134791475517,hard_miss,hard_or_mid,True,True,True,True,True,True,12.007254796313823,9.24812483859212,1.817598055935161,0.1307117133390362,0.171958583817774,2024-03-22
AAPL,2023-08-04,2023-08-04,1,0,0.200769554624125,hard_miss,hard_or_mid,True,True,False,True,False,True,5.829696558236571,3.173906870636848,1.3574824032493984,0.0295550826784254,0.0492115802763855,2023-08-04
GOOG,2024-08-05,2024-08-05,1,1,0.2143390784064894,hard_miss,hard_or_mid,True,True,False,False,False,True,3.3672191056064524,2.5319891312965206,1.052986604487533,0.0654987852046711,0.0471762090313666,2024-08-05
NVDA,2024-02-22,2024-02-22,1,1,0.2210528267773812,hard_miss,hard_or_mid,True,True,True,True,False,True,6.837224611471791,2.6070281905906243,1.7774420192458154,0.1119428482467788,0.1518699971362547,2024-02-22
MA,2024-02-20,2024-02-20,1,0,0.2479244319838987,hard_miss,hard_or_mid,True,True,True,True,False,True,4.965994616866685,2.7351177914838845,1.5207691306219593,0.0327473637717966,0.0356171303756699,2024-02-20
MMM,2023-09-13,2023-09-13,1,0,0.2709457087516957,hard_miss,hard_or_mid,True,True,False,True,False,False,3.791802487320724,2.0754891879645725,1.3001570107689278,0.0001866947929367,0.0587076483242855,2023-09-13
ABBV,2024-11-11,2024-11-11,1,1,0.2751717484574694,hard_miss,hard_or_mid,True,True,True,True,True,True,11.603786298303358,5.23982006915046,1.587780166839212,0.104912275088829,0.1342907980405423,2024-11-11
PHM,2023-12-14,2023-12-14,1,1,0.2965109109027271,hard_miss,hard_or_mid,True,True,True,True,False,False,3.3315239895040047,2.1848421542031424,1.5042785565053969,0.0176603184920616,0.0682576048395096,2023-12-14
MRK,2024-03-27,2024-03-27,1,2,0.2999330024345227,hard_miss,hard_or_mid,True,True,False,True,False,True,4.601184663699282,2.059853287452109,1.384020279247679,0.0585563759929644,0.0484410880135112,2024-03-27
TMO,2024-01-31,2024-01-31,1,0,0.3044766545907953,hard_miss,hard_or_mid,True,False,True,True,False,False,4.238493543638874,1.9972730773635927,1.5506354613955484,0.0067358919507554,0.0508925764610403,2024-01-31
APD,2024-02-05,2024-02-05,1,1,0.3131412645750088,hard_miss,hard_or_mid,True,True,True,True,True,True,8.200794693634966,4.215250110039988,1.77060296261726,0.1207344518827025,0.1690315205883251,2024-02-05
BAC,2023-03-09,2023-03-09,1,2,0.3189983728957021,hard_miss,hard_or_mid,True,True,True,True,True,False,5.518405774967764,4.271185968338052,1.6947604274098556,0.0085996388050156,0.0640473048875767,2023-03-09
ALLE,2024-10-24,2024-10-24,1,1,0.3225702621434037,hard_miss,hard_or_mid,True,True,False,False,False,True,3.522646728485832,3.0140564160641783,1.2676329498492087,0.0564760802443967,0.0377579891946514,2024-10-24
ACN,2024-09-17,2024-09-17,1,0,0.3268165678018848,hard_miss,hard_or_mid,True,False,True,True,False,False,4.735029753133876,1.376876867144527,1.62600000978937,0.0027675410713671,0.0494340956327834,2024-09-17
LULU,2023-09-01,2023-09-01,1,1,0.3304049948883741,hard_miss,hard_or_mid,True,True,False,False,True,False,4.186433859161079,4.093894980662398,1.069816665975243,0.0307926085436657,0.0584034877761978,2023-09-01
EMR,2024-02-07,2024-02-07,1,1,0.3500502229093565,hard_miss,hard_or_mid,True,True,True,True,True,True,8.029728521046804,3.8424907822403287,1.5110774716218112,0.0808403215511634,0.0991990653038292,2024-02-07
GILD,2023-07-24,2023-07-24,1,0,0.3525666246997402,hard_miss,hard_or_mid,True,True,False,False,False,False,3.3815144598612155,2.4160946084441988,1.456395992201224,0.0101687603159035,0.0376545396893414,2023-07-24
CSCO,2023-08-17,2023-08-17,1,1,0.3773898207475627,hard_miss,hard_or_mid,True,True,False,False,False,True,3.1497889841165256,2.9689934135559537,1.4517867389192998,0.027945708467636,0.0328751971034307,2023-08-17
ABT,2023-10-11,2023-10-11,1,0,0.3779193746216746,hard_miss,hard_or_mid,True,True,True,True,False,False,4.382781027726449,3.092787944685318,1.6216699800458467,0.0040999595807482,0.051746522048575,2023-10-11
PLTR,2023-05-18,2023-05-18,1,0,0.3958685138421437,hard_miss,hard_or_mid,True,True,False,True,False,False,3.423095044455076,3.159516274765452,1.0703667183501635,0.0204878085797165,0.1357240893196356,2023-05-18
KVUE,2024-02-08,2024-02-08,1,0,0.4028246388033416,hard_miss,hard_or_mid,True,True,False,True,False,True,3.971387343273118,2.2262690370374423,1.368631481774314,0.0326509318629115,0.0597416052685684,2024-02-08
AKAM,2024-11-08,2024-11-08,1,1,0.4072119325623716,hard_miss,hard_or_mid,True,True,True,True,True,True,13.31088401544054,5.635884735319204,1.8722536879592029,0.0621647295813413,0.1554446039382294,2024-11-08
GM,2024-11-26,2024-11-26,1,0,0.4097685898676379,hard_miss,hard_or_mid,True,True,True,True,False,True,4.248817037375597,2.2853646424793763,1.69748229510766,0.04235878629586,0.0941646480567412,2024-11-26
BAC,2023-03-13,2023-03-13,1,1,0.4153463585769798,hard_miss,hard_or_mid,True,True,False,True,True,True,4.133563950577653,4.883857354662043,1.145865815671654,0.0445984905195455,0.0599020870739279,2023-03-13
UNH,2023-07-14,2023-07-14,1,2,0.428326149325993,hard_miss,hard_or_mid,True,True,True,True,False,True,5.088814613416884,3.036671357429554,1.6399601252112537,0.0330540687426114,0.0699051332467851,2023-07-14
PM,2023-04-20,2023-04-20,1,0,0.4283864879620555,hard_miss,hard_or_mid,True,True,False,True,False,True,4.637136416936585,2.1963718107199925,1.4488883926140987,0.0501428027426129,0.0484404540937369,2023-04-20
MMM,2023-01-24,2023-01-24,1,0,0.4326145525528221,hard_miss,hard_or_mid,True,True,False,True,True,True,3.883294286074184,3.817763908313395,1.4006205656999116,0.0536618083037192,0.0641581355018023,2023-01-24
EXPE,2024-05-03,2024-05-03,1,1,0.4374324489655582,hard_miss,hard_or_mid,True,True,True,True,True,True,5.676592885310184,3.738741513587116,1.7608321052012803,0.1012565244926761,0.1655188149245108,2024-05-03
CSCO,2023-02-16,2023-02-16,1,1,0.4406242266285217,hard_miss,hard_or_mid,True,True,False,True,True,True,4.188093531607237,3.477696250823381,1.1944409315804128,0.0317853619356088,0.0510972117974405,2023-02-16
ROST,2023-08-18,2023-08-18,1,1,0.4549111438167761,hard_miss,hard_or_mid,True,True,True,True,False,True,4.177123752418114,3.2267031951530205,1.6697380865444509,0.0304264451915341,0.0488492577130609,2023-08-18
MCD,2024-03-13,2024-03-13,1,0,0.461232785738808,hard_miss,hard_or_mid,True,False,True,True,False,False,4.178296527656289,1.9461844884241064,1.6212019949984844,0.0069654716399535,0.0396816704345566,2024-03-13
ALGN,2023-07-27,2023-07-27,1,1,0.4648372094942424,hard_miss,hard_or_mid,True,True,False,True,True,True,5.583478819692324,4.779562304536758,1.3478020294178146,0.1882594654048045,0.1255438370092498,2023-07-27
BBY,2023-12-14,2023-12-14,1,1,0.468630832266364,hard_miss,hard_or_mid,True,True,False,True,False,False,4.114088146743349,2.745161042479167,1.4641666303006902,0.0185159431348427,0.0684860836879779,2023-12-14
LULU,2024-01-31,2024-01-31,1,0,0.4730030797326389,hard_miss,hard_or_mid,True,False,True,False,False,False,4.150497570004837,1.8253467165583492,1.6419200058111734,0.0194848462848851,0.0589978528781304,2024-01-31
CVS,2024-05-01,2024-05-01,1,1,0.4735683931530063,hard_miss,hard_or_mid,True,True,True,True,True,True,12.685472117311788,5.426157111646622,1.8116580341527373,0.1729433183468891,0.1843615745414158,2024-05-01
AOS,2024-10-11,2024-10-11,1,0,0.4811724706981442,hard_miss,hard_or_mid,True,True,False,True,False,True,3.364577895041162,2.534762933198335,1.3200994353004518,0.0686297422474592,0.0645230040706212,2024-10-11
PLTR,2024-08-06,2024-08-06,1,2,0.4907963735749541,hard_miss,hard_or_mid,True,True,True,False,False,True,3.647078342279453,2.775170253755946,1.5108585137813493,0.1228725223949801,0.0987383880326166,2024-08-06
AVGO,2023-12-11,2023-12-11,1,1,0.4932760735909217,hard_miss,hard_or_mid,True,True,False,True,False,False,4.681370816910728,3.287830256802349,1.462239639248104,0.0134595617265709,0.0861319631741675,2023-12-11
LOW,2023-12-14,2023-12-14,1,1,0.4934775516644253,hard_miss,hard_or_mid,True,True,False,True,True,True,3.2466239056018145,4.17183739137321,1.2361236713196608,0.0230679763633749,0.0457686209009384,2023-12-14
WMT,2024-02-20,2024-02-20,1,2,0.4977369300692861,hard_miss,hard_or_mid,True,True,False,True,True,True,3.728040815753068,3.937776256079344,1.4086340812782816,0.0476636789898439,0.0317742969513301,2024-02-20
BBY,2023-08-22,2023-08-22,1,0,0.5097841724163176,threshold_miss,hard_or_mid,True,False,True,True,False,False,4.585942860279148,1.6058842757720992,1.6898078610334468,0.0207912422142199,0.0607594270002909,2023-08-22
RTX,2023-09-11,2023-09-11,1,2,0.5241631587488584,threshold_miss,hard_or_mid,True,True,True,True,False,True,4.533478239614579,3.0981636095222087,1.5889903159800942,0.0392910235144699,0.0821013303892386,2023-09-11
LULU,2023-01-09,2023-01-09,1,0,0.5250008728020503,threshold_miss,hard_or_mid,True,True,False,True,True,True,3.441953246575182,3.889231059210202,1.0750401240732474,0.109518303128178,0.0975419269882639,2023-01-09
ALLE,2023-04-26,2023-04-26,1,1,0.529785710642524,threshold_miss,hard_or_mid,True,True,False,True,True,True,3.24121629435537,3.813183637353724,1.236705637331455,0.0681706936278029,0.0529153094284978,2023-04-26
AMD,2023-12-07,2023-12-07,1,1,0.5374406318676903,threshold_miss,hard_or_mid,True,True,True,True,False,False,3.7000138644150673,3.2072714708692867,1.5876539376663343,0.033983917400568,0.0942823950600083,2023-12-07
TSLA,2023-10-19,2023-10-19,1,0,0.5425831796466061,threshold_miss,hard_or_mid,True,True,False,False,False,False,3.3019672301986054,3.0500485176460823,1.2660605401668032,0.0689385043339804,0.0976162487265832,2023-10-19
EL,2023-11-01,2023-11-02,1,1,0.5623325183110935,threshold_miss,hard_or_mid,True,True,True,True,True,True,10.686490611204674,4.758521471888168,1.8842246316092413,0.1520137599145856,0.209521473255954,2023-11-01
ABBV,2024-04-04,2024-04-04,1,0,0.5780625223953348,threshold_miss,hard_or_mid,True,True,True,True,False,False,6.240766195024111,2.470432292877853,1.5045949035257855,0.0018044775534799,0.0546439089387959,2024-04-04
ARE,2023-11-14,2023-11-14,1,1,0.5830350273313338,threshold_miss,hard_or_mid,True,False,True,True,False,True,5.30444554611572,1.9994368047799835,1.5285075590648087,0.0514264125812836,0.1104163180698167,2023-11-14
TMO,2024-11-15,2024-11-15,1,0,0.5833111683427648,threshold_miss,hard_or_mid,True,True,False,False,True,False,3.2959745729322227,4.004404867220538,1.0338723331819464,0.0067914771612037,0.0381271683636634,2024-11-15
CLX,2023-10-05,2023-10-05,1,0,0.5838102557129348,threshold_miss,hard_or_mid,True,True,True,True,True,True,3.1416802585977885,4.689193298359411,1.566058045990267,0.0442237676958732,0.0537597840248535,2023-10-05
DE,2024-02-15,2024-02-15,1,0,0.5884563021295075,threshold_miss,hard_or_mid,True,True,True,True,False,True,3.9327887128846095,2.8654841013388954,1.7120518095860535,0.0459483349200945,0.0537063372087884,2024-02-15
PLTR,2024-08-08,2024-08-08,1,1,0.6311799481268492,threshold_miss,hard_or_mid,True,True,True,False,False,False,3.5381523842051528,2.4725482290717364,1.5936371501006823,0.0273556697863927,0.1065756176818263,2024-08-08
MU,2023-12-21,2023-12-21,1,1,0.6337812056672424,threshold_miss,hard_or_mid,True,True,True,False,True,True,4.520382096839612,4.026100509330427,1.653848626841005,0.0801879893351449,0.082766303429633,2023-12-21
UNH,2024-01-25,2024-01-25,1,0,0.6460159862847227,threshold_miss,hard_or_mid,True,True,False,False,True,True,3.576791595893997,4.139581239746749,1.3170736645177217,0.0499580478177573,0.0394038247194327,2024-01-25
LLY,2023-05-03,2023-05-03,1,1,0.648283149220412,threshold_miss,hard_or_mid,True,True,False,True,True,False,4.471636090178328,4.103837505903641,1.2096268042579774,0.0267937488578005,0.064639112072674,2023-05-03
CPB,2024-12-04,2024-12-04,1,0,0.6490389722433211,threshold_miss,hard_or_mid,True,True,False,True,False,True,5.124921567976452,3.073490253835065,1.2713141187307853,0.0441466900443064,0.0644067636488205,2024-12-04
ARE,2024-07-11,2024-07-11,1,0,0.6681795488613884,threshold_miss,hard_or_mid,True,False,True,True,False,False,5.039607388477683,1.7999873785532374,1.6052867872710297,0.0255686048901158,0.0652917798045252,2024-07-11
CPB,2023-12-06,2023-12-06,1,1,0.6769003054051158,threshold_miss,hard_or_mid,True,True,True,True,False,True,5.2881468143133255,2.409365593465065,1.605271850983026,0.0336882087515774,0.068678939652631,2023-12-06
COST,2023-05-26,2023-05-26,1,0,0.6787260761844368,threshold_miss,hard_or_mid,True,True,True,True,True,False,3.812263326059831,3.3354042398433963,1.598439271246149,0.0018497610747841,0.0416840506321064,2023-05-26
AFL,2024-02-01,2024-02-01,1,1,0.6804973957948942,threshold_miss,hard_or_mid,True,True,True,True,True,True,10.191191120606842,4.296923607286892,1.664988533811738,0.0648566229027917,0.1014949565598876,2024-02-01
TGT,2024-03-05,2024-03-05,1,1,0.6864378948828221,threshold_miss,hard_or_mid,True,True,True,True,True,True,8.099556643014436,7.414389823781049,1.7819252450889302,0.1034620692804945,0.1135138443262626,2024-03-05
GM,2023-08-10,2023-08-10,1,0,0.7013840131803242,threshold_miss,hard_or_mid,True,True,False,False,False,False,3.6255010543156234,2.4170923625574896,1.2466098743973062,0.0011034298635959,0.0596595342670436,2023-08-10
LIN,2023-12-12,2023-12-13,1,1,0.7120521719885093,threshold_miss,hard_or_mid,True,True,True,True,True,True,4.205278335342966,5.086641282483119,1.83790976378214,0.0486971446443696,0.044272939786817,2023-12-12
MAR,2024-02-13,2024-02-13,1,2,0.714656383790765,threshold_miss,hard_or_mid,True,True,True,True,True,True,5.1203932226898266,3.350833585144772,1.583829442092929,0.0278894841959509,0.0574800011963375,2024-02-13
LLY,2024-02-05,2024-02-05,1,1,0.7205256208684241,threshold_miss,hard_or_mid,True,True,False,True,False,False,3.584710716313732,2.583732267035231,1.414926680158899,0.0350033928042373,0.0561344103907538,2024-02-05
AAPL,2024-06-11,2024-06-11,1,1,0.7244529604033471,threshold_miss,hard_or_mid,True,True,True,True,True,False,4.545057673413508,3.569681678974591,1.751121307006775,0.002744470353984,0.0701314757884719,2024-06-11
STZ,2023-07-19,2023-07-19,1,2,0.7252448185301215,threshold_miss,hard_or_mid,True,True,True,True,True,True,5.1960082044205045,3.567455318933196,1.535244709585915,0.0281916990195049,0.0520930688173543,2023-07-19
LLY,2024-07-18,2024-07-18,1,0,0.7387056389530618,threshold_miss,hard_or_mid,True,True,True,True,True,False,4.415867028372766,3.750534538437394,1.514684683528513,0.0015902502472668,0.0646451483010378,2024-07-18
DE,2023-02-17,2023-02-17,1,1,0.7493464231572728,threshold_miss,hard_or_mid,True,True,True,True,True,True,4.828827202815015,3.533204047650058,1.5148734250748308,0.039805353432924,0.0726160170984304,2023-02-17
WFC,2024-07-12,2024-07-12,1,2,0.7612355822938607,threshold_miss,near_threshold_miss,True,True,False,True,False,True,5.0049987028221,3.360644477839714,1.3523946855647533,0.0658244957083733,0.0620593543408188,2024-07-12
TGT,2024-05-22,2024-05-22,1,0,0.7718897197757734,threshold_miss,near_threshold_miss,True,True,True,True,True,True,4.291138068104464,4.085007412461182,1.589528164700671,0.097830352021906,0.0837138030791441,2024-05-22
APD,2023-02-02,2023-02-02,1,0,0.7872309407888144,threshold_miss,near_threshold_miss,True,True,True,True,False,True,5.34412990429298,2.9237631780484388,1.5497936524229394,0.0715745698284346,0.0737912784372459,2023-02-02
CLX,2023-05-03,2023-05-03,1,0,0.7885326766099936,threshold_miss,near_threshold_miss,True,True,False,True,True,False,4.596423167563202,4.328668840115279,1.4267926657109442,0.0078701922649738,0.0459696809154369,2023-05-03
CRM,2024-04-15,2024-04-15,1,2,0.7919646416595321,threshold_miss,near_threshold_miss,True,True,False,True,False,False,4.820002621005252,3.301506861693587,1.3606449904639626,0.0386653293795121,0.0755621424829451,2024-04-15
BMY,2023-10-26,2023-10-26,1,0,0.7969080172447681,threshold_miss,near_threshold_miss,True,True,True,True,False,True,7.7554525368544756,2.845445264018267,1.7556419682365816,0.0468113753511659,0.0664597434650972,2023-10-26
INTU,2024-11-22,2024-11-22,1,0,0.8030529725284683,threshold_miss,near_threshold_miss,True,True,False,True,False,False,3.6184898944590898,3.180717857330218,1.4360314353740145,0.0155002643027599,0.0585235855722807,2024-11-22
ABT,2024-03-15,2024-03-15,1,1,0.8230017161906316,threshold_miss,near_threshold_miss,True,True,False,False,True,True,3.213412855646572,5.334798637186775,0.9718478585875082,0.0490535150706041,0.028678327313414,2024-03-15
PHM,2024-10-22,2024-10-22,1,2,0.8230220422251012,threshold_miss,near_threshold_miss,True,True,True,True,False,True,4.654262122497044,2.356885780250724,1.5960905999163326,0.0393731521669685,0.0751961654608793,2024-10-22
CL,2023-01-27,2023-01-27,1,2,0.8238704374229673,threshold_miss,near_threshold_miss,True,True,False,True,True,True,5.479709175326956,3.502981803871514,1.4004654453385073,0.0354826829236699,0.0535746557846378,2023-01-27
AXP,2024-08-02,2024-08-02,1,1,0.838320694329898,threshold_miss,near_threshold_miss,True,True,False,True,True,False,5.926235888181857,3.626232328679524,1.4717138768983178,0.0167685318280593,0.0682233655321212,2024-08-02
META,2024-10-31,2024-10-31,1,1,0.8396303992688179,threshold_miss,near_threshold_miss,True,True,False,False,False,False,3.1601180719823394,3.033349516992168,1.3850490957855046,0.0114902266371821,0.0417868578949894,2024-10-31
COP,2023-04-03,2023-04-03,1,2,0.8490342369313629,threshold_miss,near_threshold_miss,True,True,False,True,False,True,4.133688760787397,2.053109330358293,1.150857106053408,0.0596713589204833,0.0887737247854551,2023-04-03
ABNB,2024-05-09,2024-05-09,1,0,0.867353128960416,threshold_miss,near_threshold_miss,True,True,False,False,False,True,3.680891734634597,3.046888257511629,1.3267887621818983,0.0715642066437388,0.071189196854083,2024-05-09
MSFT,2023-04-26,2023-04-26,1,1,0.8711343913696885,threshold_miss,near_threshold_miss,True,True,True,True,False,True,3.9017012428986586,2.7895874374015617,1.6427161652511917,0.0772635357841429,0.0699312853243469,2023-04-26
CCL,2024-06-25,2024-06-25,1,2,0.8816865198422751,threshold_miss,near_threshold_miss,True,True,False,False,True,False,3.166886151336695,4.724419988853307,0.8916586639496943,0.0384381385717895,0.0836500494007263,2024-06-25
PG,2024-07-30,2024-07-30,1,0,0.8997001485930847,threshold_miss,near_threshold_miss,True,True,True,True,True,True,6.502735538301957,3.918687330812365,1.6418886885707178,0.0479020454990638,0.0496437649133805,2024-07-30
LW,2023-10-12,2023-10-12,1,0,0.9254002929616716,threshold_miss,near_threshold_miss,True,True,False,True,False,False,4.239194798192816,2.8679534732740204,1.3176521496701814,0.0010888683578622,0.0880413921263292,2023-10-12
AXP,2024-04-19,2024-04-19,1,2,0.9401345268956384,threshold_miss,near_threshold_miss,True,True,False,True,False,False,4.329599214452043,2.7760632597305896,1.4490527566849245,0.0061607960232736,0.0603918700902214,2024-04-19
AMZN,2023-10-27,2023-10-27,1,1,0.9567685711927516,threshold_miss,near_threshold_miss,True,True,True,True,False,True,3.166667440711042,3.1862063320719125,1.570467392125618,0.0554486683096519,0.0660949600309617,2023-10-27
GM,2024-10-22,2024-10-22,1,0,0.970063995432766,threshold_miss,near_threshold_miss,True,True,False,True,True,False,4.553673923427873,4.271834800590987,1.326807128805233,0.0222767577168621,0.0935808168605678,2024-10-22
APTV,2024-06-26,2024-06-26,1,2,0.979178123695699,threshold_miss,near_threshold_miss,True,True,True,True,True,True,3.2065305586657686,3.6437801813248334,1.5730003461020825,0.0881952176389188,0.082658807755403,2024-06-26
LIN,2023-02-24,2023-02-24,1,1,0.9844331128621016,threshold_miss,near_threshold_miss,True,True,False,True,True,True,3.2206136557028278,4.662011098539979,0.981722431339998,0.0265144520110438,0.0464217906849139,2023-02-24
